trip_id,trip_length,car_id,car_construction_year,car_engine_displacement,car_fuel_type,car_manufacturer,car_model,measure_index,latitude,longitude,time,time_type,time_light_type_num,road_name,osmap_id,Throttle Position_value,Throttle Position_unit,Speed_value,Speed_unit,Rpm_value,Rpm_unit,O2 Lambda Voltage_value,O2 Lambda Voltage_unit,O2 Lambda Voltage ER_value,O2 Lambda Voltage ER_unit,MAF_value,MAF_unit,Intake Temperature_value,Intake Temperature_unit,Intake Pressure_value,Intake Pressure_unit,GPS VDOP_value,GPS VDOP_unit,GPS Speed_value,GPS Speed_unit,GPS PDOP_value,GPS PDOP_unit,GPS HDOP_value,GPS HDOP_unit,GPS Bearing_value,GPS Bearing_unit,GPS Altitude_value,GPS Altitude_unit,GPS Accuracy_value,GPS Accuracy_unit,Engine Load_value,Engine Load_unit,Consumption_value,Consumption_unit,Calculated MAF_value,Calculated MAF_unit,CO2_value,CO2_unit,FIXME,access:lanes,access:lanes:forward,alt_name,area,bridge:structure,bus,bus:lanes,bus:lanes:forward,cycleway,cycleway:both,fixed,frequency,gauge,highway,lanes,lit,lit_by_gaslight,loc_name,local_ref,maxaxleload,maxspeed,maxspeed:conditional,name:de,old_name,oneway,psv:lanes,psv:lanes:forward,public_transport,ref:IFOPT,ref_old,surface,wheelchair,width
579b2b91e4b086b281c7d48d,1.9912880773587966,576c300de4b0ea2463f1c5b0,2007,1800,gasoline,Dodge,Caliber,0,51.17473179626163,6.422559622914013,2016-07-29T09:35:40Z,daylight,2,"Konradstraße, Schrievers, Mönchengladbach, Regierungsbezirk Düsseldorf, Nordrhein-Westfalen, 41069, Deutschland",24559527,19.0,%,31.608588010072708,km/h,2251.1898733377457,u/min,,,,,,,47.0,c,61.28230752795935,kPa,0.8,precision,31.30363282017217,km/h,1.2,precision,0.9,precision,263.31586305946666,deg,119.00000265985727,m,3.0000000670552254,%,16.862745661945908,%,6.291630009260567,l/h,19.139662790671416,g/s,14.785330521762333,kg/h,,,,,,,,,,,,,,,residential,,,,,,,30,,,,no,,,,,,,,
579b2b91e4b086b281c7d48d,1.9912880773587966,576c300de4b0ea2463f1c5b0,2007,1800,gasoline,Dodge,Caliber,1,51.17474632293467,6.4218546742213585,2016-07-29T09:35:46Z,daylight,2,"Konradstraße, Schrievers, Mönchengladbach, Regierungsbezirk Düsseldorf, Nordrhein-Westfalen, 41069, Deutschland",24559527,17.00000050663948,%,37.91114005446434,km/h,2671.6545211598277,u/min,,,,,,,46.0,c,44.0,kPa,0.7000000156462192,precision,38.24317713807659,km/h,1.1000000245869161,precision,0.8000000178813935,precision,271.92472230650674,deg,118.8924623131752,m,3.0,%,11.20743048695465,%,5.377836202325798,l/h,16.35982588049194,g/s,12.637915075465626,kg/h,,,,,,,,,,,,,,,residential,,,,,,,30,,,,no,,,,,,,,
579b2b91e4b086b281c7d48d,1.9912880773587966,576c300de4b0ea2463f1c5b0,2007,1800,gasoline,Dodge,Caliber,2,51.174829023513055,6.4210763590121624,2016-07-29T09:35:50Z,daylight,2,"Konradstraße, Schrievers, Mönchengladbach, Regierungsbezirk Düsseldorf, Nordrhein-Westfalen, 41069, Deutschland",24559527,17.00000025331974,%,39.999999701976776,km/h,2835.255484700203,u/min,,,,,,,45.99999897181988,c,45.00000134110451,kPa,0.6999999817460775,precision,40.875977756259175,km/h,1.0999999713152648,precision,0.7999999791383744,precision,280.68522399797666,deg,117.99999912083149,m,2.999999977648258,%,11.764705657958984,%,5.836860630961561,l/h,17.756216444437648,g/s,13.716622482759668,kg/h,,,,,,,,,,,,,,,residential,,,,,,,30,,,,no,,,,,,,,
579b2b91e4b086b281c7d48d,1.9912880773587966,576c300de4b0ea2463f1c5b0,2007,1800,gasoline,Dodge,Caliber,3,51.174958881510015,6.420274075299923,2016-07-29T09:35:55Z,daylight,2,"Konradstraße, Schrievers, Mönchengladbach, Regierungsbezirk Düsseldorf, Nordrhein-Westfalen, 41069, Deutschland",24559527,22.0,%,40.91601049900055,km/h,2908.64916741848,u/min,,,,,,,46.0,c,66.37917637825012,kPa,0.70190000385046,precision,41.13732818301082,km/h,1.1019000060856343,precision,0.8019000044092537,precision,283.1814054270744,deg,119.0,m,3.0,%,20.08442585237526,%,8.832787795730205,l/h,26.87007654026093,g/s,20.75705131996598,kg/h,,,,,,,,,,,,,,,residential,,,,,,,30,,,,no,,,,,,,,
579b2b91e4b086b281c7d48d,1.9912880773587966,576c300de4b0ea2463f1c5b0,2007,1800,gasoline,Dodge,Caliber,4,51.175087570416466,6.419502426305161,2016-07-29T09:36:01Z,daylight,2,"Konradstraße, Schrievers, Mönchengladbach, Regierungsbezirk Düsseldorf, Nordrhein-Westfalen, 41069, Deutschland",24559527,15.351634442806244,%,40.00000098720193,km/h,1849.6811318397522,u/min,,,,,,,45.99999862909317,c,46.4927713572979,kPa,0.8991791605949402,precision,41.22965325949687,km/h,1.3983583122491836,precision,1.0983583055436612,precision,283.64483589042766,deg,119.0144613981247,m,3.000000022351742,%,12.443617619424515,%,3.9342042127827903,l/h,11.968177065636311,g/s,9.245379900039557,kg/h,,,,,,,,,,,,,,,residential,,,,,,,30,,,,no,,,,,,,,
579b2b91e4b086b281c7d48d,1.9912880773587966,576c300de4b0ea2463f1c5b0,2007,1800,gasoline,Dodge,Caliber,5,51.17525701572982,6.41867724671176,2016-07-29T09:36:06Z,daylight,2,"Konradstraße, Schrievers, Mönchengladbach, Regierungsbezirk Düsseldorf, Nordrhein-Westfalen, 41069, Deutschland",24559527,15.915736824274063,%,39.00000116229057,km/h,1805.4308231174946,u/min,,,,,,,46.0,c,51.99999922513962,kPa,0.7000000052154064,precision,40.42258483486313,km/h,1.1000000081956387,precision,0.8000000059604645,precision,288.4222128422723,deg,123.00000091642141,m,3.000000022351742,%,13.725490467805486,%,4.294956663034207,l/h,13.065616082005311,g/s,10.093148158130386,kg/h,,,,,,,,,,,,,,,residential,,,,,,,30,,,,no,,,,,,,,
579b2b91e4b086b281c7d48d,1.9912880773587966,576c300de4b0ea2463f1c5b0,2007,1800,gasoline,Dodge,Caliber,6,51.175436241819924,6.417936039900281,2016-07-29T09:36:11Z,daylight,2,"Konradstraße, Schrievers, Mönchengladbach, Regierungsbezirk Düsseldorf, Nordrhein-Westfalen, 41069, Deutschland",24559527,16.0,%,38.99999883770943,km/h,1820.8434935510159,u/min,,,,,,,46.0,c,55.876389771699905,kPa,0.6999999791383743,precision,40.31041275739426,km/h,1.0999999672174454,precision,0.8082921773195266,precision,292.7326048559189,deg,123.0,m,3.0,%,15.166316583481319,%,4.654526990490328,l/h,14.159458982320784,g/s,10.938138427652271,kg/h,,,,,,,,,,,,,,,residential,,,,,,,30,,,,no,,,,,,,,
579b2b91e4b086b281c7d48d,1.9912880773587966,576c300de4b0ea2463f1c5b0,2007,1800,gasoline,Dodge,Caliber,7,51.17565036597635,6.417200237024484,2016-07-29T09:36:16Z,daylight,2,"Konradstraße, Schrievers, Mönchengladbach, Regierungsbezirk Düsseldorf, Nordrhein-Westfalen, 41069, Deutschland",24559527,15.000000223517418,%,39.999998807907104,km/h,1867.773333311081,u/min,,,,,,,46.00000137090683,c,48.99999890476465,kPa,0.7,precision,41.380736376193056,km/h,1.1,precision,0.8,precision,298.4379453484653,deg,123.999999076128,m,2.999999977648258,%,12.549020187527532,%,4.186921662365037,l/h,12.736964607052972,g/s,9.839265906557838,kg/h,,,,,,,,,,,,,,,residential,,,,,,,30,,,,no,,,,,,,,
579b2b91e4b086b281c7d48d,1.9912880773587966,576c300de4b0ea2463f1c5b0,2007,1800,gasoline,Dodge,Caliber,8,51.17592605869828,6.416511445494617,2016-07-29T09:36:21Z,daylight,2,"Konradstraße, Schrievers, Mönchengladbach, Regierungsbezirk Düsseldorf, Nordrhein-Westfalen, 41069, Deutschland",24559527,15.000000447034836,%,39.99876441829838,km/h,1835.349044561386,u/min,,,,,,,46.0,c,47.0,kPa,0.6999999895691871,precision,40.91300698132562,km/h,0.9999999850988388,precision,0.6999999895691871,precision,301.74324090339405,deg,122.99999816715717,m,2.9999999552965164,%,11.955268506527688,%,3.9463093299228293,l/h,12.005001840736073,g/s,9.27382692531865,kg/h,,,,,,,,,,,,,,,residential,,,,,,,30,,,,no,,,,,,,,
579b2b91e4b086b281c7d48d,1.9912880773587966,576c300de4b0ea2463f1c5b0,2007,1800,gasoline,Dodge,Caliber,9,51.17618656116911,6.415816954166376,2016-07-29T09:36:26Z,daylight,2,"Konradstraße, Schrievers, Mönchengladbach, Regierungsbezirk Düsseldorf, Nordrhein-Westfalen, 41069, Deutschland",24559527,16.00000023841858,%,40.00000059604645,km/h,1838.5303030014038,u/min,,,,,,,46.00000008568168,c,57.05354917049408,kPa,0.7000000156462192,precision,40.68179933863087,km/h,1.0000000223517418,precision,0.7000000156462192,precision,300.448008954525,deg,124.00000369548798,m,3.000000089406967,%,15.4447956210239,%,4.798749220528991,l/h,14.598195024617569,g/s,11.27706066824313,kg/h,,,,,,,,,,,,,,,residential,,,,,,,30,,,,no,,,,,,,,
579b2b91e4b086b281c7d48d,1.9912880773587966,576c300de4b0ea2463f1c5b0,2007,1800,gasoline,Dodge,Caliber,10,51.17642335407059,6.415092427871129,2016-07-29T09:36:30Z,daylight,2,"Konradstraße, Schrievers, Mönchengladbach, Regierungsbezirk Düsseldorf, Nordrhein-Westfalen, 41069, Deutschland",24559527,15.833976358175278,%,40.48230788111687,km/h,1879.479002714157,u/min,,,,,,,45.0,c,52.99999921023846,kPa,0.7000000156462192,precision,41.65535829211535,km/h,1.0000000223517418,precision,0.7000000156462192,precision,296.87400862944173,deg,124.99999720603228,m,2.9999999329447746,%,14.499245489458943,%,4.571417208175649,l/h,13.906632098704337,g/s,10.742830439212774,kg/h,,,,,,,,,,,,,,,residential,,,,,,,30,,,,no,,,,,,,,
579b2b91e4b086b281c7d48d,1.9912880773587966,576c300de4b0ea2463f1c5b0,2007,1800,gasoline,Dodge,Caliber,11,51.17661737995579,6.414343838919398,2016-07-29T09:36:36Z,daylight,2,"Konradstraße, Schrievers, Mönchengladbach, Regierungsbezirk Düsseldorf, Nordrhein-Westfalen, 41069, Deutschland",24559527,12.0,%,37.222632229328156,km/h,1704.271972283721,u/min,,,,,,,45.61683416366577,c,24.111808329820633,kPa,0.6999999947845935,precision,39.06173602151932,km/h,0.9999999925494194,precision,0.6999999947845935,precision,291.7620893895628,deg,125.99999624490738,m,2.999999910593033,%,5.207843284419937,%,1.8821966680667124,l/h,5.725799113981278,g/s,4.4231621699567745,kg/h,,,,,,,,,,,,,,,residential,,,,,,,30,,,,no,,,,,,,,
579b2b91e4b086b281c7d48d,1.9912880773587966,576c300de4b0ea2463f1c5b0,2007,1800,gasoline,Dodge,Caliber,12,51.176738303796846,6.413821178274349,2016-07-29T09:36:41Z,daylight,2,"Konradstraße, Schrievers, Mönchengladbach, Regierungsbezirk Düsseldorf, Nordrhein-Westfalen, 41069, Deutschland",24559527,12.0,%,13.309552416205406,km/h,921.9822645187378,u/min,,,,,,,45.999999314546585,c,35.57560870051384,kPa,0.7000000104308128,precision,16.70101864915243,km/h,1.0000000149011612,precision,0.7000000104308128,precision,294.08763771355143,deg,125.99999812245369,m,2.9999999552965164,%,9.01960727514006,%,1.50054665737649,l/h,4.564787977294064,g/s,3.526284644834752,kg/h,,,,,,,,,,,,,,,residential,,,,,,,30,,,,no,,,,,,,,
579b2b91e4b086b281c7d48d,1.9912880773587966,576c300de4b0ea2463f1c5b0,2007,1800,gasoline,Dodge,Caliber,13,51.17689567358142,6.413727246710473,2016-07-29T09:36:46Z,daylight,2,"Monschauer Straße, Holt, Mönchengladbach, Regierungsbezirk Düsseldorf, Nordrhein-Westfalen, 41069, Deutschland",18684613,30.722845524549484,%,21.644688963890076,km/h,1558.9640179276466,u/min,,,,,,,43.99999950826168,c,97.0,kPa,0.6999999895691871,precision,20.762511001245144,km/h,1.0999999836087229,precision,0.7999999880790711,precision,3.7051050910392433,deg,124.99999813735485,m,2.9999999552965164,%,31.290788555497784,%,6.961655939542892,l/h,21.17793750608444,g/s,16.359891457925798,kg/h,,,,,,,,,,,,,,,secondary,,,,,,,,,,,,,,,,,,,
579b2b91e4b086b281c7d48d,1.9912880773587966,576c300de4b0ea2463f1c5b0,2007,1800,gasoline,Dodge,Caliber,14,51.17731155562164,6.41388109938657,2016-07-29T09:36:51Z,daylight,2,"Monschauer Straße, Holt, Mönchengladbach, Regierungsbezirk Düsseldorf, Nordrhein-Westfalen, 41069, Deutschland",18684613,43.17848475277424,%,45.57788944244385,km/h,3221.323248565197,u/min,,,,,,,40.75678950548172,c,97.00000144541264,kPa,0.6999999947845935,precision,42.91117965014689,km/h,1.0999999918043615,precision,0.7999999940395356,precision,11.955952404498575,deg,124.99999720603228,m,2.9999999329447746,%,34.48921750934596,%,14.533652885965907,l/h,44.212583216848785,g/s,34.15408428201988,kg/h,,,,,,,,,,,,,,,secondary,,,,,,,,,,,,,,,,,,,
579b2b91e4b086b281c7d48d,1.9912880773587966,576c300de4b0ea2463f1c5b0,2007,1800,gasoline,Dodge,Caliber,15,51.17798720726767,6.414154138457014,2016-07-29T09:36:56Z,daylight,2,"Monschauer Straße, Holt, Mönchengladbach, Regierungsbezirk Düsseldorf, Nordrhein-Westfalen, 41069, Deutschland",18684613,38.0,%,59.58375546336174,km/h,2754.4665946029127,u/min,,,,,,,39.00000116229057,c,96.00000214576721,kPa,0.8092118673026562,precision,58.587209825378636,km/h,1.2184237375855447,precision,0.9184237398207188,precision,13.487979953331177,deg,122.12020383775234,m,3.0000000447034836,%,33.33333206176758,%,12.368438006456792,l/h,37.625819118808764,g/s,29.065829315173463,kg/h,,,,,,,,,,,,,,,secondary,,,,,,,,,,,,,,,,,,,
579b2b91e4b086b281c7d48d,1.9912880773587966,576c300de4b0ea2463f1c5b0,2007,1800,gasoline,Dodge,Caliber,16,51.178794484723376,6.414442969336619,2016-07-29T09:37:01Z,daylight,2,"Monschauer Straße, Holt, Mönchengladbach, Regierungsbezirk Düsseldorf, Nordrhein-Westfalen, 41069, Deutschland",18684613,15.161048650741577,%,68.96586444973946,km/h,1951.9800692647696,u/min,,,,,,,39.00000058114529,c,30.62039405107498,kPa,0.7999999821186067,precision,70.75181741443475,km/h,1.2891590386629104,precision,0.989159045368433,precision,10.248542831243583,deg,120.0,m,3.0,%,7.463972310223738,%,2.7957108969159044,l/h,8.504785524326257,g/s,6.569920607752375,kg/h,,,,,,,,,,,,,,,secondary,,,,,,,,,,,,,,,,,,,
579b2b91e4b086b281c7d48d,1.9912880773587966,576c300de4b0ea2463f1c5b0,2007,1800,gasoline,Dodge,Caliber,17,51.179692226693135,6.414641179871172,2016-07-29T09:37:06Z,daylight,2,"Monschauer Straße, Holt, Mönchengladbach, Regierungsbezirk Düsseldorf, Nordrhein-Westfalen, 41069, Deutschland",18684613,19.000000283122063,%,71.0,km/h,2392.4582244753838,u/min,,,,,,,39.0,c,59.19843429327011,kPa,0.8000000059604645,precision,72.68590803725783,km/h,1.2905965715646743,precision,0.9905965693295002,precision,7.052200361776357,deg,119.11800354719162,m,3.000000089406967,%,16.47058880679748,%,6.624615697597936,l/h,20.152633003401053,g/s,15.56784688935515,kg/h,,,,,,,,,,,,,,,secondary,,,,,,,,,,,,,,,,,,,
579b2b91e4b086b281c7d48d,1.9912880773587966,576c300de4b0ea2463f1c5b0,2007,1800,gasoline,Dodge,Caliber,18,51.18060259873532,6.414689398946947,2016-07-29T09:37:11Z,daylight,2,"Monschauer Straße, Holt, Mönchengladbach, Regierungsbezirk Düsseldorf, Nordrhein-Westfalen, 41069, Deutschland",18684613,15.000000447034836,%,73.0,km/h,2449.7521619796753,u/min,,,,,,,39.999998807907104,c,32.87384945899248,kPa,0.7999999880790711,precision,74.56279751311922,km/h,1.1999999821186065,precision,0.899999986588955,precision,359.5180497370129,deg,115.0,m,3.0,%,8.470381540422977,%,3.7548253588685334,l/h,11.422491643791318,g/s,8.823839593341054,kg/h,,,,,,,,,,,,,,,secondary,,,,,,,,,,,,,,,,,,,
579b2b91e4b086b281c7d48d,1.9912880773587966,576c300de4b0ea2463f1c5b0,2007,1800,gasoline,Dodge,Caliber,19,51.18153296223063,6.414537121269903,2016-07-29T09:37:16Z,daylight,2,"Monschauer Straße, Holt, Mönchengladbach, Regierungsbezirk Düsseldorf, Nordrhein-Westfalen, 41069, Deutschland",18684613,12.999999806284904,%,67.53846001625061,km/h,2230.4999336600304,u/min,,,,,,,40.99999938905239,c,24.53610771894455,kPa,0.8000000238418579,precision,73.26268027595427,km/h,1.288128811120987,precision,0.9881288021802902,precision,350.08439670767757,deg,114.00000169873238,m,3.153998076915741,%,5.490196391647942,%,2.5435499231385363,l/h,7.737690828681023,g/s,5.977342319375561,kg/h,,,,,,,,,,,,,,,secondary,,,,,,,,,,,,,,,,,,,
579b2b91e4b086b281c7d48d,1.9912880773587966,576c300de4b0ea2463f1c5b0,2007,1800,gasoline,Dodge,Caliber,20,51.18222724665115,6.414237508195906,2016-07-29T09:37:21Z,daylight,2,"Monschauer Straße, Rönneter, Holt, Mönchengladbach, Regierungsbezirk Düsseldorf, Nordrhein-Westfalen, 41069, Deutschland",312602583,12.000000044703484,%,51.28774040937424,km/h,1708.7275071144104,u/min,,,,,,,41.99999937415123,c,24.000000715255737,kPa,0.79130859375,precision,56.112133828495814,km/h,1.19130859375,precision,0.9,precision,341.2571565449239,deg,113.99999915063381,m,2.999999977648258,%,5.09803922620474,%,1.8999238731907266,l/h,5.779726749235622,g/s,4.464821101998208,kg/h,,,,,,,,,,,,,,,secondary,,,,,,,,,,,,,,,,,,,
579b2b91e4b086b281c7d48d,1.9912880773587966,576c300de4b0ea2463f1c5b0,2007,1800,gasoline,Dodge,Caliber,21,51.18267293085938,6.413878454638672,2016-07-29T09:37:26Z,daylight,2,"Monschauer Straße, Rönneter, Holt, Mönchengladbach, Regierungsbezirk Düsseldorf, Nordrhein-Westfalen, 41069, Deutschland",312602583,13.012345314025879,%,29.413580238819122,km/h,1256.0074163675308,u/min,,,,,,,42.0,c,32.16500072181225,kPa,0.7000000052154063,precision,31.018047638237476,km/h,1.0000000074505806,precision,0.7000000052154063,precision,328.1441307961941,deg,118.1298828125,m,3.0,%,8.762029174823908,%,1.8716640677478111,l/h,5.693758066094487,g/s,4.398410559207356,kg/h,,,,,,,,,,,,,,,secondary,,,,,,,,,,,,,,,,,,,
579b2b91e4b086b281c7d48d,1.9912880773587966,576c300de4b0ea2463f1c5b0,2007,1800,gasoline,Dodge,Caliber,22,51.18293528225444,6.413494764909988,2016-07-29T09:37:31Z,daylight,2,"Monschauer Straße, Rönneter, Holt, Mönchengladbach, Regierungsbezirk Düsseldorf, Nordrhein-Westfalen, 41069, Deutschland",120174478,13.533159971237183,%,25.29813739657402,km/h,1199.640904288739,u/min,,,,,,,41.99999874830246,c,36.91794842481613,kPa,0.6999999791383742,precision,27.46637600117174,km/h,1.0908069133758547,precision,0.7908069223165513,precision,309.6070201396942,deg,118.0,m,3.0,%,9.983149234205484,%,2.0518280354317833,l/h,6.241831869453104,g/s,4.8217958832646906,kg/h,,,,,,,,,,,,,,,secondary,,,,,,,,,,,,,,,,,,,
579b2b91e4b086b281c7d48d,1.9912880773587966,576c300de4b0ea2463f1c5b0,2007,1800,gasoline,Dodge,Caliber,23,51.18315031724762,6.412998372971699,2016-07-29T09:37:36Z,daylight,2,"Monschauer Straße, Rönneter, Holt, Mönchengladbach, Regierungsbezirk Düsseldorf, Nordrhein-Westfalen, 41069, Deutschland",120174478,32.00000047683716,%,33.17157416790724,km/h,1558.2796939015388,u/min,,,,,,,39.073749125003815,c,97.0,kPa,0.7000000104308128,precision,33.38850217098553,km/h,1.0000000149011612,precision,0.7000000104308128,precision,302.4084366689724,deg,121.00000090152025,m,3.000000022351742,%,31.530195032793586,%,7.0683924822558595,l/h,21.502638963729183,g/s,16.610722333301272,kg/h,,,,,,,,,,,,,,,secondary,,,,,,,,,,,,,,,,,,,
579b2b91e4b086b281c7d48d,1.9912880773587966,576c300de4b0ea2463f1c5b0,2007,1800,gasoline,Dodge,Caliber,24,51.18344277865461,6.412381696748713,2016-07-29T09:37:41Z,daylight,2,"Monschauer Straße, Rönneter, Holt, Mönchengladbach, Regierungsbezirk Düsseldorf, Nordrhein-Westfalen, 41069, Deutschland",120174478,11.99999986588955,%,37.242839336395264,km/h,1719.0522895753384,u/min,,,,,,,39.00000058114529,c,23.999999284744263,kPa,0.7000000156462193,precision,39.34405761028529,km/h,1.0000000223517418,precision,0.7000000156462193,precision,309.93548960325734,deg,122.84945347905159,m,3.0000000447034836,%,5.098038998304631,%,1.9297738667275974,l/h,5.870532917074245,g/s,4.534968586809854,kg/h,,,,,,,,,,,,,,,secondary,,,,,,,,,,,,,,,,,,,
579b2b91e4b086b281c7d48d,1.9912880773587966,576c300de4b0ea2463f1c5b0,2007,1800,gasoline,Dodge,Caliber,25,51.18361496640517,6.412029325183644,2016-07-29T09:37:46Z,daylight,2,"Monschauer Straße, Rönneter, Holt, Mönchengladbach, Regierungsbezirk Düsseldorf, Nordrhein-Westfalen, 41069, Deutschland",120174478,12.0,%,7.626387387514114,km/h,834.3408395946026,u/min,,,,,,,40.0,c,39.02278408408165,kPa,0.6999999895691871,precision,10.152926636802022,km/h,1.0904477447271348,precision,0.7904477491974831,precision,302.3870834756217,deg,124.0,m,3.0,%,9.487522621630774,%,1.5180245040315348,l/h,4.617957043305931,g/s,3.567357584474107,kg/h,,,,,,,,,,,,,,,secondary,,,,,,,,,,,,,,,,,,,
579b2b91e4b086b281c7d48d,1.9912880773587966,576c300de4b0ea2463f1c5b0,2007,1800,gasoline,Dodge,Caliber,26,51.183628471118,6.411984958313095,2016-07-29T09:37:50Z,daylight,2,"Monschauer Straße, Rönneter, Holt, Mönchengladbach, Regierungsbezirk Düsseldorf, Nordrhein-Westfalen, 41069, Deutschland",120174478,13.560209035873413,%,2.942307747900486,km/h,1688.229658961296,u/min,,,,,,,39.999998807907104,c,39.62155067920685,kPa,0.6999999869614839,precision,2.6951216060178744,km/h,1.0999999795109034,precision,0.7999999850988389,precision,300.0923713078937,deg,123.999999076128,m,2.999999977648258,%,11.194621448146023,%,3.1187461366988427,l/h,9.48748564334927,g/s,7.32905342124228,kg/h,,,,,,,,,,,,,,,secondary,,,,,,,,,,,,,,,,,,,
579b2b91e4b086b281c7d48d,1.9912880773587966,576c300de4b0ea2463f1c5b0,2007,1800,gasoline,Dodge,Caliber,27,51.183634303274395,6.41198308676384,2016-07-29T09:37:56Z,daylight,2,"Monschauer Straße, Rönneter, Holt, Mönchengladbach, Regierungsbezirk Düsseldorf, Nordrhein-Westfalen, 41069, Deutschland",120174478,28.39486637711525,%,1.2196679413318634,km/h,1912.3167939186096,u/min,,,,,,,39.99999925494194,c,88.12234982848167,kPa,0.7000000104308128,precision,0.3501073147008924,km/h,1.1000000163912773,precision,0.800000011920929,precision,307.4816098803494,deg,122.09174402803183,m,3.000000022351742,%,31.064946380507195,%,7.857111899914028,l/h,23.901989158863465,g/s,18.464212964797966,kg/h,,,,,,,,,,,,,,,secondary,,,,,,,,,,,,,,,,,,,
579b2b91e4b086b281c7d48d,1.9912880773587966,576c300de4b0ea2463f1c5b0,2007,1800,gasoline,Dodge,Caliber,28,51.183527985151954,6.411680224985752,2016-07-29T09:38:01Z,daylight,2,"Aachener Straße, Rönneter, Holt, Mönchengladbach, Regierungsbezirk Düsseldorf, Nordrhein-Westfalen, 41069, Deutschland",120174480,14.352941282093525,%,30.0,km/h,2529.078133523464,u/min,,,,,,,38.0,c,23.786967054009438,kPa,0.7,precision,30.25610674042629,km/h,1.1,precision,0.8,precision,223.10965959979762,deg,122.99999908357859,m,2.999999977648258,%,5.900044081609334,%,2.8229355141142087,l/h,8.5876050785616,g/s,6.633898458168391,kg/h,,,,,,,,,,,,,,,primary,,,,,,,50,,,,,,,,,,,,
579b2b91e4b086b281c7d48d,1.9912880773587966,576c300de4b0ea2463f1c5b0,2007,1800,gasoline,Dodge,Caliber,29,51.18320178389362,6.411205594241652,2016-07-29T09:38:06Z,daylight,2,"Aachener Straße, Rönneter, Holt, Mönchengladbach, Regierungsbezirk Düsseldorf, Nordrhein-Westfalen, 41069, Deutschland",120174480,22.02337595820427,%,41.68130552768707,km/h,2936.80329406308,u/min,,,,,,,38.0,c,66.09391540288925,kPa,0.6999999895691872,precision,41.15958781264368,km/h,0.9999999850988388,precision,0.6999999895691872,precision,223.14378747791056,deg,122.00000181794167,m,3.0000000447034836,%,19.350474735111675,%,9.108271729383048,l/h,27.70812162342735,g/s,21.404438564050164,kg/h,,,,,,,,,,,,,,,primary,,,,,,,50,,,,,,,,,,,,
579b2b91e4b086b281c7d48d,1.9912880773587966,576c300de4b0ea2463f1c5b0,2007,1800,gasoline,Dodge,Caliber,30,51.182805114552096,6.410600482712436,2016-07-29T09:38:11Z,daylight,2,"Aachener Straße, Rönneter, Holt, Engelsholt, Mönchengladbach, Regierungsbezirk Düsseldorf, Nordrhein-Westfalen, 41069, Deutschland",60650495,11.999999821186066,%,39.758665546774864,km/h,1855.8868888616562,u/min,,,,,,,38.99999970942736,c,23.000000685453415,kPa,0.6999999895691871,precision,42.31883904422074,km/h,1.1193515539169312,precision,0.838703128695488,precision,224.79423793405294,deg,121.0000018030405,m,3.0000000447034836,%,5.098039074271334,%,1.9965742182267743,l/h,6.073745153030699,g/s,4.69194941283292,kg/h,,,,,,,,,,,,,,,primary,,,,,,,50,,,,,,,,,,,,
579b2b91e4b086b281c7d48d,1.9912880773587966,576c300de4b0ea2463f1c5b0,2007,1800,gasoline,Dodge,Caliber,31,51.18247675608594,6.41006984083487,2016-07-29T09:38:16Z,daylight,2,"Aachener Straße, Rönneter, Holt, Engelsholt, Mönchengladbach, Regierungsbezirk Düsseldorf, Nordrhein-Westfalen, 41069, Deutschland",60650495,12.000000357627869,%,33.452351689338684,km/h,1560.6178068816662,u/min,,,,,,,38.99999883770943,c,23.111969113349915,kPa,0.7,precision,35.17463985287185,km/h,1.1,precision,0.8,precision,223.2358740298714,deg,121.99999818205833,m,2.9999999552965164,%,5.098039055279658,%,1.6870952931857917,l/h,5.13228447314561,g/s,3.9646739389866106,kg/h,,,,,,,,,,,,,,,primary,,,,,,,50,,,,,,,,,,,,
579b2b91e4b086b281c7d48d,1.9912880773587966,576c300de4b0ea2463f1c5b0,2007,1800,gasoline,Dodge,Caliber,32,51.182180662789044,6.409613263127594,2016-07-29T09:38:21Z,daylight,2,"Aachener Straße, Rönneter, Holt, Engelsholt, Mönchengladbach, Regierungsbezirk Düsseldorf, Nordrhein-Westfalen, 41069, Deutschland",60650495,15.21847689151764,%,31.0,km/h,1465.445811137557,u/min,,,,,,,39.0,c,52.911469757556915,kPa,0.6999999791383743,precision,31.551642262304,km/h,1.0999999672174454,precision,0.7999999761581421,precision,226.32918487936263,deg,122.99999816715717,m,2.9999999552965164,%,13.844459270217612,%,3.626817436379666,l/h,11.033080876253308,g/s,8.523020975492216,kg/h,,,,,,,,,,,,,,,primary,,,,,,,50,,,,,,,,,,,,
579b2b91e4b086b281c7d48d,1.9912880773587966,576c300de4b0ea2463f1c5b0,2007,1800,gasoline,Dodge,Caliber,33,51.18186442391065,6.409188620592732,2016-07-29T09:38:26Z,daylight,2,"Aachener Straße, Rönneter, Holt, Engelsholt, Mönchengladbach, Regierungsbezirk Düsseldorf, Nordrhein-Westfalen, 41069, Deutschland",30635475,11.999999642372131,%,30.72808177769184,km/h,1435.25,u/min,,,,,,,39.0,c,26.959999203681946,kPa,0.7129481971263885,precision,32.93124849796146,km/h,1.1129481911659242,precision,0.899999986588955,precision,217.5624620884655,deg,122.99999633431435,m,2.999999910593033,%,6.387321900207127,%,1.809895650400014,l/h,5.505853393154377,g/s,4.253254778440033,kg/h,,,,,,,,,,,,,,,primary,,,,,,,50,,,,,,,,,,,,
579b2b91e4b086b281c7d48d,1.9912880773587966,576c300de4b0ea2463f1c5b0,2007,1800,gasoline,Dodge,Caliber,34,51.181661781689115,6.408877219268408,2016-07-29T09:38:31Z,daylight,2,"Aachener Straße, Rönneter, Holt, Engelsholt, Mönchengladbach, Regierungsbezirk Düsseldorf, Nordrhein-Westfalen, 41069, Deutschland",30635475,12.0,%,11.233250617980957,km/h,893.2832344472408,u/min,,,,,,,39.00000116229057,c,36.56185567378998,kPa,0.7911911852657795,precision,14.915768043005073,km/h,1.1911911822855472,precision,0.9911911837756634,precision,226.20887869864646,deg,123.00000183284283,m,3.0000000447034836,%,9.019607342341374,%,1.5276487784471406,l/h,4.647234888101072,g/s,3.5899746293507806,kg/h,,,,,,,,,,,,,,,primary,,,,,,,50,,,,,,,,,,,,
579b2b91e4b086b281c7d48d,1.9912880773587966,576c300de4b0ea2463f1c5b0,2007,1800,gasoline,Dodge,Caliber,35,51.18162428522074,6.4088509745173425,2016-07-29T09:38:36Z,daylight,2,"Aachener Straße, Rönneter, Holt, Engelsholt, Mönchengladbach, Regierungsbezirk Düsseldorf, Nordrhein-Westfalen, 41069, Deutschland",30635475,11.000000327825546,%,0.0,km/h,731.9489793777466,u/min,,,,,,,39.0,c,38.27239263057709,kPa,0.6999999947845935,precision,0.0,km/h,1.0999999918043615,precision,0.7999999940395356,precision,221.5,deg,123.00000183284283,m,3.0000000447034836,%,9.411765098571777,%,1.310305393435259,l/h,3.986058198946178,g/s,3.0792176745728588,kg/h,,,,,,,,,,,,,,,primary,,,,,,,50,,,,,,,,,,,,
579b2b91e4b086b281c7d48d,1.9912880773587966,576c300de4b0ea2463f1c5b0,2007,1800,gasoline,Dodge,Caliber,36,51.18161154991213,6.408868634447442,2016-07-29T09:38:41Z,daylight,2,"Aachener Straße, Rönneter, Holt, Engelsholt, Mönchengladbach, Regierungsbezirk Düsseldorf, Nordrhein-Westfalen, 41069, Deutschland",30635475,10.999999672174454,%,0.0,km/h,723.7971176356077,u/min,,,,,,,39.0,c,38.0,kPa,0.788142304122448,precision,0.0,km/h,1.1881423100829123,precision,0.8881423056125641,precision,,,123.00000366568565,m,3.000000089406967,%,8.85438902515159,%,1.2864904055636677,l/h,3.913611021258474,g/s,3.023252453074619,kg/h,,,,,,,,,,,,,,,primary,,,,,,,50,,,,,,,,,,,,
579b2b91e4b086b281c7d48d,1.9912880773587966,576c300de4b0ea2463f1c5b0,2007,1800,gasoline,Dodge,Caliber,37,51.18160876231947,6.40887015414857,2016-07-29T09:38:46Z,daylight,2,"Aachener Straße, Rönneter, Holt, Engelsholt, Mönchengladbach, Regierungsbezirk Düsseldorf, Nordrhein-Westfalen, 41069, Deutschland",30635475,26.36375319957733,%,1.466165453195572,km/h,1805.325338512659,u/min,,,,,,,38.99999912828207,c,84.56632921099663,kPa,0.6999999791383742,precision,0.6463784142527444,km/h,1.0999999672174454,precision,0.7999999761581422,precision,213.5460949226317,deg,122.15879215300083,m,2.9999999552965164,%,29.098451244522693,%,7.14100051102139,l/h,21.723518637902988,g/s,16.781351200900268,kg/h,,,,,,,,,,,,,,,primary,,,,,,,50,,,,,,,,,,,,
579b2b91e4b086b281c7d48d,1.9912880773587966,576c300de4b0ea2463f1c5b0,2007,1800,gasoline,Dodge,Caliber,38,51.18146151182445,6.408613708803154,2016-07-29T09:38:51Z,daylight,2,"Aachener Straße, Rönneter, Holt, Engelsholt, Mönchengladbach, Regierungsbezirk Düsseldorf, Nordrhein-Westfalen, 41069, Deutschland",30635475,12.450128048658371,%,19.431645572185516,km/h,1383.783585846424,u/min,,,,,,,38.39340102672577,c,31.61832132935524,kPa,0.7829850628972054,precision,20.904148399885116,km/h,1.1829850569367408,precision,0.8829850614070892,precision,230.9756773697236,deg,123.0,m,3.0,%,8.139335504251783,%,2.0504910212323173,l/h,6.237764560840478,g/s,4.818653899895946,kg/h,,,,,,,,,,,,,,,primary,,,,,,,50,,,,,,,,,,,,
579b2b91e4b086b281c7d48d,1.9912880773587966,576c300de4b0ea2463f1c5b0,2007,1800,gasoline,Dodge,Caliber,39,51.1815750434735,6.408248113816901,2016-07-29T09:38:56Z,daylight,2,"Hehnerholt, Rönneter, Holt, Engelsholt, Mönchengladbach, Regierungsbezirk Düsseldorf, Nordrhein-Westfalen, 41069, Deutschland",18680881,33.10718786716461,%,30.589353159070015,km/h,2189.856421660632,u/min,,,,,,,37.0,c,95.7816077619791,kPa,0.8,precision,23.037784804334308,km/h,1.2,precision,0.9858134925365448,precision,313.99802527896827,deg,122.99999816715717,m,2.9999999552965164,%,32.78900389769342,%,9.874052304080152,l/h,30.03768994670383,g/s,23.204022914588357,kg/h,,,,,,,,,,,,,,,tertiary,,,,,,,50,,,,,,,,,,,,
579b2b91e4b086b281c7d48d,1.9912880773587966,576c300de4b0ea2463f1c5b0,2007,1800,gasoline,Dodge,Caliber,40,51.18195155493793,6.407682252442391,2016-07-29T09:39:01Z,daylight,2,"Hehnerholt, Rönneter, Holt, Engelsholt, Mönchengladbach, Regierungsbezirk Düsseldorf, Nordrhein-Westfalen, 41069, Deutschland",18680881,12.157441303133965,%,41.99999874830246,km/h,1748.9733052253723,u/min,,,,,,,36.0,c,25.58573216199875,kPa,0.7,precision,43.63207369670522,km/h,1.1,precision,0.8,precision,317.1458974333045,deg,124.9999962747097,m,2.999999910593033,%,5.195463369537123,%,2.113397670069864,l/h,6.429131828825032,g/s,4.966484524664181,kg/h,,,,,,,,,,,,,,,tertiary,,,,,,,50,,,,,,,,,,,,
579b2b91e4b086b281c7d48d,1.9912880773587966,576c300de4b0ea2463f1c5b0,2007,1800,gasoline,Dodge,Caliber,41,51.182347672641704,6.407146111668015,2016-07-29T09:39:06Z,daylight,2,"Hehnerholt, Rönneter, Holt, Engelsholt, Mönchengladbach, Regierungsbezirk Düsseldorf, Nordrhein-Westfalen, 41069, Deutschland",18680881,16.99999949336052,%,41.59160304069519,km/h,1934.8606162816286,u/min,,,,,,,36.419108271598816,c,53.9300873875618,kPa,0.7,precision,42.35899526173188,km/h,1.0,precision,0.7,precision,316.93570104480295,deg,124.30158546566963,m,2.9999999552965164,%,14.547501721179856,%,4.921445018257192,l/h,14.971445865956566,g/s,11.5653957929044,kg/h,,,,,,,,,,,,,,,tertiary,,,,,,,50,,,,,,,,,,,,
579b2b93e4b086b281c7d50f,2.1478121761556013,576c300de4b0ea2463f1c5b0,2007,1800,gasoline,Dodge,Caliber,0,51.18188493384468,6.407772787508351,2016-07-29T10:03:06Z,daylight,2,"Hehnerholt, Rönneter, Holt, Engelsholt, Mönchengladbach, Regierungsbezirk Düsseldorf, Nordrhein-Westfalen, 41069, Deutschland",18680881,15.000000223517418,%,39.11343961954117,km/h,1829.9304349422455,u/min,,,,,,,49.99999962747097,c,45.153284668922424,kPa,0.8,precision,39.89054575549676,km/h,1.3,precision,1.0,precision,136.0181429288241,deg,120.99999639391899,m,3.9999998807907104,%,12.156862850282693,%,3.7332683979640158,l/h,11.356913572306365,g/s,8.773180735215437,kg/h,,,,,,,,,,,,,,,tertiary,,,,,,,50,,,,,,,,,,,,
579b2b93e4b086b281c7d50f,2.1478121761556013,576c300de4b0ea2463f1c5b0,2007,1800,gasoline,Dodge,Caliber,1,51.181505743383,6.408308856498186,2016-07-29T10:03:11Z,daylight,2,"Hehnerholt, Rönneter, Holt, Engelsholt, Mönchengladbach, Regierungsbezirk Düsseldorf, Nordrhein-Westfalen, 41069, Deutschland",18680881,12.0,%,29.058440685272217,km/h,1337.8064309209585,u/min,,,,,,,50.00000149011612,c,24.930705964565277,kPa,0.7,precision,34.1126534619159,km/h,1.0392541706562042,precision,0.8392541706562042,precision,135.35667270888916,deg,121.36795252561569,m,3.0,%,5.615868001357278,%,1.5069302074104711,l/h,4.584207268459937,g/s,3.541285987414607,kg/h,,,,,,,,,,,,,,,tertiary,,,,,,,50,,,,,,,,,,,,
579b2b93e4b086b281c7d50f,2.1478121761556013,576c300de4b0ea2463f1c5b0,2007,1800,gasoline,Dodge,Caliber,2,51.18145876044269,6.408627795497566,2016-07-29T10:03:16Z,daylight,2,"Aachener Straße, Rönneter, Holt, Engelsholt, Mönchengladbach, Regierungsbezirk Düsseldorf, Nordrhein-Westfalen, 41069, Deutschland",30635475,30.0,%,12.44516932964325,km/h,2571.0780882537365,u/min,,,,,,,49.99999850988388,c,92.78191488981247,kPa,0.7677298307418823,precision,9.622920862803994,km/h,1.2354596614837647,precision,0.9677298307418823,precision,76.0734308783858,deg,120.30258303880692,m,3.0,%,31.457481364977866,%,10.778141612158581,l/h,32.788004962654085,g/s,25.328632788572666,kg/h,,,,,,,,,,,,,,,primary,,,,,,,50,,,,,,,,,,,,
579b2b93e4b086b281c7d50f,2.1478121761556013,576c300de4b0ea2463f1c5b0,2007,1800,gasoline,Dodge,Caliber,3,51.181714097749904,6.409003919789871,2016-07-29T10:03:21Z,daylight,2,"Aachener Straße, Rönneter, Holt, Engelsholt, Mönchengladbach, Regierungsbezirk Düsseldorf, Nordrhein-Westfalen, 41069, Deutschland",30635475,18.8828125,%,33.44974225759506,km/h,2360.85222864151,u/min,,,,,,,47.999998569488525,c,65.49027216434479,kPa,0.7,precision,32.381220962891916,km/h,1.2,precision,0.9602602601051331,precision,42.69169951205254,deg,121.0,m,3.0,%,17.16260130966114,%,7.029219744836514,l/h,21.383472232104744,g/s,16.51866640036581,kg/h,,,,,,,,,,,,,,,primary,,,,,,,50,,,,,,,,,,,,
579b2b93e4b086b281c7d50f,2.1478121761556013,576c300de4b0ea2463f1c5b0,2007,1800,gasoline,Dodge,Caliber,4,51.182037681034586,6.409493425446383,2016-07-29T10:03:26Z,daylight,2,"Aachener Straße, Rönneter, Holt, Engelsholt, Mönchengladbach, Regierungsbezirk Düsseldorf, Nordrhein-Westfalen, 41069, Deutschland",60650495,13.388387084007263,%,33.127272725105286,km/h,2336.9767620563507,u/min,,,,,,,48.00000071525574,c,24.46104797720909,kPa,0.7999999761581422,precision,35.26662528625593,km/h,1.299999961256981,precision,0.9999999701976776,precision,43.69376827497581,deg,120.3125628232956,m,3.0,%,5.70978391704773,%,2.598908389810171,l/h,7.90609589750169,g/s,6.107434716053902,kg/h,,,,,,,,,,,,,,,primary,,,,,,,50,,,,,,,,,,,,
579b2b93e4b086b281c7d50f,2.1478121761556013,576c300de4b0ea2463f1c5b0,2007,1800,gasoline,Dodge,Caliber,5,51.182250013922584,6.409774657759666,2016-07-29T10:03:31Z,daylight,2,"Aachener Straße, Rönneter, Holt, Engelsholt, Mönchengladbach, Regierungsbezirk Düsseldorf, Nordrhein-Westfalen, 41069, Deutschland",60650495,11.999999821186066,%,10.879948914051056,km/h,846.8037483990192,u/min,,,,,,,48.97001230716705,c,37.923654556274414,kPa,0.7577330738306045,precision,13.186975998854905,km/h,1.1577330857515336,precision,0.9154661297798157,precision,38.23022450071949,deg,121.38370847702026,m,3.0,%,8.974704721983528,%,1.4556088645363556,l/h,4.428083466658305,g/s,3.420680831660436,kg/h,,,,,,,,,,,,,,,primary,,,,,,,50,,,,,,,,,,,,
579b2b93e4b086b281c7d50f,2.1478121761556013,576c300de4b0ea2463f1c5b0,2007,1800,gasoline,Dodge,Caliber,6,51.18236288900199,6.409923940384018,2016-07-29T10:03:36Z,daylight,2,"Aachener Straße, Rönneter, Holt, Engelsholt, Mönchengladbach, Regierungsbezirk Düsseldorf, Nordrhein-Westfalen, 41069, Deutschland",60650495,12.0,%,12.000000357627869,km/h,937.2879438996315,u/min,,,,,,,49.0000014603138,c,39.914465710520744,kPa,0.7658286541700363,precision,12.084542854450206,km/h,1.2316573172807694,precision,0.931657326221466,precision,44.667563449581394,deg,121.30518233776093,m,3.0,%,10.190679367426611,%,1.6955658401997111,l/h,5.158052583040871,g/s,3.9845797244693215,kg/h,,,,,,,,,,,,,,,primary,,,,,,,50,,,,,,,,,,,,
579b2b93e4b086b281c7d50f,2.1478121761556013,576c300de4b0ea2463f1c5b0,2007,1800,gasoline,Dodge,Caliber,7,51.182425521089115,6.410007410254768,2016-07-29T10:03:41Z,daylight,2,"Aachener Straße, Rönneter, Holt, Engelsholt, Mönchengladbach, Regierungsbezirk Düsseldorf, Nordrhein-Westfalen, 41069, Deutschland",60650495,12.000000178813934,%,0.0,km/h,809.3369126319885,u/min,,,,,,,49.964521672576666,c,41.52118098735809,kPa,0.6999999791383743,precision,0.7615685138149217,km/h,1.0999999672174454,precision,0.8617307424545289,precision,43.23186048473872,deg,123.00000366568565,m,3.000000089406967,%,10.588235216982213,%,1.518490272533369,l/h,4.6193739499025535,g/s,3.5684521404534175,kg/h,,,,,,,,,,,,,,,primary,,,,,,,50,,,,,,,,,,,,
579b2b93e4b086b281c7d50f,2.1478121761556013,576c300de4b0ea2463f1c5b0,2007,1800,gasoline,Dodge,Caliber,8,51.18242629608767,6.410010590529918,2016-07-29T10:03:46Z,daylight,2,"Aachener Straße, Rönneter, Holt, Engelsholt, Mönchengladbach, Regierungsbezirk Düsseldorf, Nordrhein-Westfalen, 41069, Deutschland",60650495,12.000000223517418,%,0.0,km/h,687.6963267624378,u/min,,,,,,,50.0,c,41.389190435409546,kPa,0.7,precision,0.0,km/h,1.0,precision,0.8,precision,,,123.99999630451202,m,2.999999910593033,%,9.06605406615752,%,1.2860235487411684,l/h,3.9121908038996964,g/s,3.022155339541746,kg/h,,,,,,,,,,,,,,,primary,,,,,,,50,,,,,,,,,,,,
579b2b93e4b086b281c7d50f,2.1478121761556013,576c300de4b0ea2463f1c5b0,2007,1800,gasoline,Dodge,Caliber,9,51.18248618122682,6.410103191135333,2016-07-29T10:03:51Z,daylight,2,"Aachener Straße, Rönneter, Holt, Engelsholt, Mönchengladbach, Regierungsbezirk Düsseldorf, Nordrhein-Westfalen, 41069, Deutschland",60650495,38.28298890590668,%,20.032159581780434,km/h,2649.430518127978,u/min,,,,,,,48.000001430511475,c,95.99999713897705,kPa,0.6999999791383743,precision,17.31998484898031,km/h,0.9999999701976776,precision,0.7999999761581421,precision,41.920892702058154,deg,124.36815416812897,m,3.0,%,33.261011057781616,%,11.563392608478265,l/h,35.17680393104158,g/s,27.173972629923924,kg/h,,,,,,,,,,,,,,,primary,,,,,,,50,,,,,,,,,,,,
579b2b93e4b086b281c7d50f,2.1478121761556013,576c300de4b0ea2463f1c5b0,2007,1800,gasoline,Dodge,Caliber,10,51.18274858386627,6.410510640343858,2016-07-29T10:03:56Z,daylight,2,"Aachener Straße, Rönneter, Holt, Engelsholt, Mönchengladbach, Regierungsbezirk Düsseldorf, Nordrhein-Westfalen, 41069, Deutschland",60650495,17.0,%,31.83256623148918,km/h,2250.0,u/min,,,,,,,47.00000140070915,c,48.9999985396862,kPa,0.7,precision,32.07248958852222,km/h,1.1,precision,0.8350505053997039,precision,50.7766199137759,deg,124.66295546293259,m,3.0,%,12.941176028812635,%,5.02799135332981,l/h,15.295568696108726,g/s,11.815779680325054,kg/h,,,,,,,,,,,,,,,primary,,,,,,,50,,,,,,,,,,,,
579b2b93e4b086b281c7d50f,2.1478121761556013,576c300de4b0ea2463f1c5b0,2007,1800,gasoline,Dodge,Caliber,11,51.18303294435189,6.411010954924836,2016-07-29T10:04:01Z,daylight,2,"Aachener Straße, Rönneter, Holt, Mönchengladbach, Regierungsbezirk Düsseldorf, Nordrhein-Westfalen, 41069, Deutschland",120174480,16.437756448984146,%,35.0,km/h,2504.3765461444855,u/min,,,,,,,47.0,c,54.41514194011688,kPa,0.7,precision,35.486670299940215,km/h,1.1,precision,0.8,precision,45.10763791843874,deg,125.0,m,3.0,%,11.948529176414013,%,6.214917001185994,l/h,18.906295427357893,g/s,14.605054952787087,kg/h,,,,,,,,,,,,,,,primary,,,,,,,50,,,,,,,,,,,,
579b2b93e4b086b281c7d50f,2.1478121761556013,576c300de4b0ea2463f1c5b0,2007,1800,gasoline,Dodge,Caliber,12,51.18337215831155,6.411628846272194,2016-07-29T10:04:06Z,daylight,2,"Aachener Straße, Rönneter, Holt, Mönchengladbach, Regierungsbezirk Düsseldorf, Nordrhein-Westfalen, 41069, Deutschland",120174480,14.558629333972931,%,40.486758559942245,km/h,2874.630252510309,u/min,,,,,,,45.99999862909317,c,27.824560776352882,kPa,0.6999999791383742,precision,43.1209764866494,km/h,0.9999999701976776,precision,0.7999999761581422,precision,46.48530748915255,deg,125.0,m,3.0,%,6.1729870127293225,%,3.659189553445067,l/h,11.13155955404268,g/s,8.599095450595907,kg/h,,,,,,,,,,,,,,,primary,,,,,,,50,,,,,,,,,,,,
579b2b93e4b086b281c7d50f,2.1478121761556013,576c300de4b0ea2463f1c5b0,2007,1800,gasoline,Dodge,Caliber,13,51.18352117281201,6.411874018080418,2016-07-29T10:04:11Z,daylight,2,"Aachener Straße, Rönneter, Holt, Mönchengladbach, Regierungsbezirk Düsseldorf, Nordrhein-Westfalen, 41069, Deutschland",120174480,12.000000357627869,%,0.0,km/h,781.9118213132024,u/min,,,,,,,47.763126477599144,c,42.00000125169754,kPa,0.7,precision,1.2412664591534863,km/h,1.056121450662613,precision,0.8,precision,46.62164374501526,deg,125.99999624490738,m,2.999999910593033,%,10.308542875408648,%,1.4941322703824058,l/h,4.54527487752581,g/s,3.511210835398654,kg/h,,,,,,,,,,,,,,,primary,,,,,,,50,,,,,,,,,,,,
579b2b93e4b086b281c7d50f,2.1478121761556013,576c300de4b0ea2463f1c5b0,2007,1800,gasoline,Dodge,Caliber,14,51.18351616369404,6.411877914889277,2016-07-29T10:04:16Z,daylight,2,"Aachener Straße, Rönneter, Holt, Mönchengladbach, Regierungsbezirk Düsseldorf, Nordrhein-Westfalen, 41069, Deutschland",120174480,11.000000327825546,%,0.0,km/h,714.828462600708,u/min,,,,,,,47.99999964237213,c,40.99999877810478,kPa,0.7,precision,0.0,km/h,1.1,precision,0.8,precision,,,127.00000378489494,m,3.000000089406967,%,9.80392140734429,%,1.3324385819250693,l/h,4.053389202764555,g/s,3.131230667523913,kg/h,,,,,,,,,,,,,,,primary,,,,,,,50,,,,,,,,,,,,
579b2b93e4b086b281c7d50f,2.1478121761556013,576c300de4b0ea2463f1c5b0,2007,1800,gasoline,Dodge,Caliber,15,51.18351044437222,6.411876892418764,2016-07-29T10:04:21Z,daylight,2,"Aachener Straße, Rönneter, Holt, Mönchengladbach, Regierungsbezirk Düsseldorf, Nordrhein-Westfalen, 41069, Deutschland",120174480,11.0,%,0.0,km/h,701.9756826609373,u/min,,,,,,,47.999998569488525,c,42.0000004498288,kPa,0.7,precision,0.0,km/h,1.1,precision,0.8,precision,,,127.00000378489494,m,3.000000089406967,%,9.803921991703561,%,1.34039526043551,l/h,4.077594081849857,g/s,3.1499288620234487,kg/h,,,,,,,,,,,,,,,primary,,,,,,,50,,,,,,,,,,,,
579b2b93e4b086b281c7d50f,2.1478121761556013,576c300de4b0ea2463f1c5b0,2007,1800,gasoline,Dodge,Caliber,16,51.183508685560014,6.411876503500368,2016-07-29T10:04:26Z,daylight,2,"Aachener Straße, Rönneter, Holt, Mönchengladbach, Regierungsbezirk Düsseldorf, Nordrhein-Westfalen, 41069, Deutschland",120174480,10.999999836087227,%,0.0,km/h,711.9371116161346,u/min,,,,,,,48.00000025704503,c,39.999998807907104,kPa,0.8,precision,0.0,km/h,1.4,precision,1.1,precision,,,126.99999810755253,m,2.9999999552965164,%,9.54248424994401,%,1.2946820565017447,l/h,3.938530706049683,g/s,3.0425028327791,kg/h,,,,,,,,,,,,,,,primary,,,,,,,50,,,,,,,,,,,,
579b2b93e4b086b281c7d50f,2.1478121761556013,576c300de4b0ea2463f1c5b0,2007,1800,gasoline,Dodge,Caliber,17,51.18357519284265,6.411944382205881,2016-07-29T10:04:31Z,daylight,2,"Monschauer Straße, Rönneter, Holt, Mönchengladbach, Regierungsbezirk Düsseldorf, Nordrhein-Westfalen, 41069, Deutschland",120174478,41.62273907661438,%,21.399463146924973,km/h,2685.628009930253,u/min,,,,,,,46.43408787250519,c,96.71727821975946,kPa,0.7,precision,17.68091928347053,km/h,1.0,precision,0.8,precision,34.194292522942305,deg,125.41602635383606,m,3.0,%,34.01471381795773,%,11.866816353984719,l/h,36.09984425018434,g/s,27.88701843186409,kg/h,,,,,,,,,,,,,,,secondary,,,,,,,,,,,,,,,,,,,
579b2b93e4b086b281c7d50f,2.1478121761556013,576c300de4b0ea2463f1c5b0,2007,1800,gasoline,Dodge,Caliber,18,51.18388518217061,6.412368870626403,2016-07-29T10:04:36Z,daylight,2,"Aachener Straße, Rönneter, Holt, Mönchengladbach, Regierungsbezirk Düsseldorf, Nordrhein-Westfalen, 41069, Deutschland",30641906,42.69473683834076,%,41.69451756775379,km/h,3006.296139806509,u/min,,,,,,,44.98465443775058,c,97.0,kPa,0.7000000208616256,precision,40.121885917391296,km/h,1.1000000327825548,precision,0.8559671044349672,precision,41.822656259932046,deg,124.9999962747097,m,2.999999910593033,%,34.38467010881186,%,13.383261351929903,l/h,40.71299630435009,g/s,31.450664177035275,kg/h,,,,,,,,,,,,,,,primary,,,,,,,50,,,,,,,,,,,,
579b2b93e4b086b281c7d50f,2.1478121761556013,576c300de4b0ea2463f1c5b0,2007,1800,gasoline,Dodge,Caliber,19,51.18438438834054,6.4130033164555975,2016-07-29T10:04:41Z,daylight,2,"Aachener Straße, Rönneter, Holt, Mönchengladbach, Regierungsbezirk Düsseldorf, Nordrhein-Westfalen, 41069, Deutschland",30641906,16.383488923311234,%,50.99999848008156,km/h,1716.2480001449585,u/min,,,,,,,45.0,c,54.64406695961952,kPa,0.6999999791383743,precision,52.17324171502628,km/h,1.0999999672174454,precision,0.7999999761581421,precision,37.7379365299945,deg,124.9999962747097,m,2.999999910593033,%,14.976361583003975,%,4.303884187615125,l/h,13.092774355740845,g/s,10.114127840895545,kg/h,,,,,,,,,,,,,,,primary,,,,,,,50,,,,,,,,,,,,
579b2b93e4b086b281c7d50f,2.1478121761556013,576c300de4b0ea2463f1c5b0,2007,1800,gasoline,Dodge,Caliber,20,51.18489658560898,6.413723482874795,2016-07-29T10:04:46Z,daylight,2,"Aachener Straße, Rönneter, Holt, Speick, Mönchengladbach, Regierungsbezirk Düsseldorf, Nordrhein-Westfalen, 41069, Deutschland",15241852,13.999999582767487,%,52.999998815357685,km/h,1778.4954770207405,u/min,,,,,,,45.0,c,38.42193430662155,kPa,0.7,precision,54.277321989648726,km/h,1.0665977239608764,precision,0.8,precision,42.73922664586121,deg,124.0,m,3.0,%,9.343035665261098,%,3.135952729392864,l/h,9.539829532207207,g/s,7.369488914073231,kg/h,,,,,,,,,,,,,,,primary,,,,,,,50,,,,,,,,,,,,
579b2b93e4b086b281c7d50f,2.1478121761556013,576c300de4b0ea2463f1c5b0,2007,1800,gasoline,Dodge,Caliber,21,51.18538440643064,6.414436940546636,2016-07-29T10:04:51Z,daylight,2,"Aachener Straße, Rönneter, Holt, Speick, Mönchengladbach, Regierungsbezirk Düsseldorf, Nordrhein-Westfalen, 41069, Deutschland",15241852,12.000000089406967,%,50.464101046323776,km/h,1688.4203075766563,u/min,,,,,,,46.0,c,24.200504422187805,kPa,0.7,precision,52.21893084417388,km/h,1.2,precision,0.9,precision,42.32968467772912,deg,123.99999630451202,m,2.999999910593033,%,5.3981024842515595,%,1.8693024773774929,l/h,5.6865739113887805,g/s,4.392860821837108,kg/h,,,,,,,,,,,,,,,primary,,,,,,,50,,,,,,,,,,,,
579b2b93e4b086b281c7d50f,2.1478121761556013,576c300de4b0ea2463f1c5b0,2007,1800,gasoline,Dodge,Caliber,22,51.18579937219391,6.415016761151654,2016-07-29T10:04:56Z,daylight,2,"Aachener Straße, Rönneter, Holt, Speick, Mönchengladbach, Regierungsbezirk Düsseldorf, Nordrhein-Westfalen, 41069, Deutschland",15241852,12.0,%,38.41770687699318,km/h,1290.1096773147583,u/min,,,,,,,46.99999859929085,c,28.999999351799488,kPa,0.7380117177963257,precision,39.93444627841791,km/h,1.0760234236717223,precision,0.838011720776558,precision,42.20000076293945,deg,122.0,m,3.0,%,7.058823638102588,%,1.7062417398348326,l/h,5.190529559389213,g/s,4.009668088611857,kg/h,,,,,,,,,,,,,,,primary,,,,,,,50,,,,,,,,,,,,
579b2b93e4b086b281c7d50f,2.1478121761556013,576c300de4b0ea2463f1c5b0,2007,1800,gasoline,Dodge,Caliber,23,51.18607254811113,6.415413467655416,2016-07-29T10:05:01Z,daylight,2,"Aachener Straße, Rönneter, Holt, Speick, Mönchengladbach, Regierungsbezirk Düsseldorf, Nordrhein-Westfalen, 41069, Deutschland",15241852,12.0,%,17.30690573900938,km/h,980.3896740823984,u/min,,,,,,,46.99999859929085,c,36.000001072883606,kPa,0.7,precision,20.83897734432216,km/h,1.1,precision,0.9,precision,41.292769686123734,deg,121.99999818205833,m,2.9999999552965164,%,9.087956774549411,%,1.6095971073072752,l/h,4.896528533521006,g/s,3.782553202172097,kg/h,,,,,,,,,,,,,,,primary,,,,,,,50,,,,,,,,,,,,
579b2b93e4b086b281c7d50f,2.1478121761556013,576c300de4b0ea2463f1c5b0,2007,1800,gasoline,Dodge,Caliber,24,51.18615776467896,6.415539126513819,2016-07-29T10:05:06Z,daylight,2,"Aachener Straße, Rönneter, Holt, Speick, Mönchengladbach, Regierungsbezirk Düsseldorf, Nordrhein-Westfalen, 41069, Deutschland",15241852,11.999999910593033,%,2.317164123058319,km/h,836.6045876741409,u/min,,,,,,,47.99999928474426,c,40.43974357843399,kPa,0.7000000208616257,precision,4.267072889051136,km/h,1.2208502382040023,precision,1.020850232243538,precision,42.5,deg,121.0,m,3.0,%,10.696746961520603,%,1.5381197707896586,l/h,4.6790885193897065,g/s,3.614581461355698,kg/h,,,,,,,,,,,,,,,primary,,,,,,,50,,,,,,,,,,,,
579b2b93e4b086b281c7d50f,2.1478121761556013,576c300de4b0ea2463f1c5b0,2007,1800,gasoline,Dodge,Caliber,25,51.18616826757852,6.4155273923505565,2016-07-29T10:05:11Z,daylight,2,"Aachener Straße, Rönneter, Holt, Speick, Mönchengladbach, Regierungsbezirk Düsseldorf, Nordrhein-Westfalen, 41069, Deutschland",15241852,11.000000163912773,%,0.0,km/h,707.006377518177,u/min,,,,,,,48.0,c,38.16476495563984,kPa,0.8,precision,0.0,km/h,1.3595551073551178,precision,1.0595551073551177,precision,42.400001525878906,deg,120.0,m,3.0,%,9.411765098571777,%,1.226725638397862,l/h,3.7318016191428294,g/s,2.8828052502349757,kg/h,,,,,,,,,,,,,,,primary,,,,,,,50,,,,,,,,,,,,
579b2b93e4b086b281c7d50f,2.1478121761556013,576c300de4b0ea2463f1c5b0,2007,1800,gasoline,Dodge,Caliber,26,51.18617791666144,6.415535530770029,2016-07-29T10:05:16Z,daylight,2,"Aachener Straße, Rönneter, Holt, Speick, Mönchengladbach, Regierungsbezirk Düsseldorf, Nordrhein-Westfalen, 41069, Deutschland",15241852,10.999999672174454,%,0.0,km/h,709.9549283087254,u/min,,,,,,,48.0,c,38.71391075849533,kPa,0.7,precision,0.2524337311068692,km/h,1.2587000012397767,precision,1.0,precision,42.400001525878906,deg,120.99999639391899,m,2.999999910593033,%,9.624947863735514,%,1.249566407937742,l/h,3.8012851434806065,g/s,2.9364810586536936,kg/h,,,,,,,,,,,,,,,primary,,,,,,,50,,,,,,,,,,,,
579b2b93e4b086b281c7d50f,2.1478121761556013,576c300de4b0ea2463f1c5b0,2007,1800,gasoline,Dodge,Caliber,27,51.18619877187564,6.41554434916751,2016-07-29T10:05:21Z,daylight,2,"Aachener Straße, Rönneter, Holt, Speick, Mönchengladbach, Regierungsbezirk Düsseldorf, Nordrhein-Westfalen, 41069, Deutschland",15241852,28.2197667658329,%,3.206107020378113,km/h,1814.0774297118187,u/min,,,,,,,47.626276940107346,c,90.80645284056664,kPa,0.7000000208616256,precision,1.8836399455031483,km/h,1.1340361773967742,precision,0.9340361714363098,precision,41.56977434006785,deg,121.0,m,3.0,%,32.527778336257484,%,7.497901550860555,l/h,22.809241342847045,g/s,17.620068644522306,kg/h,,,,,,,,,,,,,,,primary,,,,,,,50,,,,,,,,,,,,
579b2b93e4b086b281c7d50f,2.1478121761556013,576c300de4b0ea2463f1c5b0,2007,1800,gasoline,Dodge,Caliber,28,51.186343405228186,6.415760102815645,2016-07-29T10:05:26Z,daylight,2,"Aachener Straße, Rönneter, Westend, Speick, Mönchengladbach, Regierungsbezirk Düsseldorf, Nordrhein-Westfalen, 41061, Deutschland",30479186,11.735570818185806,%,19.000000053085387,km/h,1355.125,u/min,,,,,,,47.000000700354576,c,30.91474974155426,kPa,0.7,precision,19.712087724539856,km/h,1.0615763545036316,precision,0.8,precision,40.776798517775546,deg,120.65399640798569,m,2.999999910593033,%,7.828033413756998,%,1.9105615376398124,l/h,5.812087410961778,g/s,4.48981961345356,kg/h,,,,,,,,,,,,,,,primary,,,,,,,50,,,,,,,,,,,,
579b2b93e4b086b281c7d50f,2.1478121761556013,576c300de4b0ea2463f1c5b0,2007,1800,gasoline,Dodge,Caliber,29,51.18624965274042,6.416165207574119,2016-07-29T10:05:31Z,daylight,2,"Kabelstraße, Gladbach, Westend, Speick, Mönchengladbach, Regierungsbezirk Düsseldorf, Nordrhein-Westfalen, 41069, Deutschland",23499477,41.8978782966733,%,30.36723905801773,km/h,2194.763702094555,u/min,,,,,,,44.99999865889549,c,98.0,kPa,0.7302762210369109,precision,29.882751382797096,km/h,1.1605524510145189,precision,0.9302762150764465,precision,131.2413819562962,deg,118.26327192783356,m,3.0,%,34.46366782965957,%,9.870777535213216,l/h,30.027727826913207,g/s,23.19632720775106,kg/h,,,,,,,,,,,,,,,residential,,,,,,,,,,,,,,,,,,,
579b2b93e4b086b281c7d50f,2.1478121761556013,576c300de4b0ea2463f1c5b0,2007,1800,gasoline,Dodge,Caliber,30,51.185899671802694,6.416702556875656,2016-07-29T10:05:36Z,daylight,2,"Kabelstraße, Gladbach, Westend, Speick, Mönchengladbach, Regierungsbezirk Düsseldorf, Nordrhein-Westfalen, 41069, Deutschland",23499477,14.4117651283741,%,37.99999915063381,km/h,2685.483657360077,u/min,,,,,,,45.0,c,29.5,kPa,0.7700405091047288,precision,38.84137809916365,km/h,1.2400810092687609,precision,0.9700405150651932,precision,133.02012096362432,deg,117.28228229284286,m,3.0,%,6.61693448332062,%,3.6356498301531195,l/h,11.059949754144968,g/s,8.543777100859831,kg/h,,,,,,,,,,,,,,,residential,,,,,,,,,,,,,,,,,,,
579b2b93e4b086b281c7d50f,2.1478121761556013,576c300de4b0ea2463f1c5b0,2007,1800,gasoline,Dodge,Caliber,31,51.185649170583694,6.4171084066998505,2016-07-29T10:05:41Z,daylight,2,"Kabelstraße, Gladbach, Westend, Speick, Mönchengladbach, Regierungsbezirk Düsseldorf, Nordrhein-Westfalen, 41069, Deutschland",23499477,12.000000178813934,%,16.143616527318954,km/h,969.9588311910629,u/min,,,,,,,45.05242329835892,c,34.0,kPa,0.8305999994277955,precision,19.201038529886773,km/h,1.3958999991416932,precision,1.1305999994277953,precision,135.28792974308453,deg,117.68209254741669,m,3.0,%,8.235294096610119,%,1.5132064397405485,l/h,4.6033000902273935,g/s,3.556035133390289,kg/h,,,,,,,,,,,,,,,residential,,,,,,,,,,,,,,,,,,,
579b2b93e4b086b281c7d50f,2.1478121761556013,576c300de4b0ea2463f1c5b0,2007,1800,gasoline,Dodge,Caliber,32,51.185589549779294,6.4171814980842585,2016-07-29T10:05:46Z,daylight,2,"Kabelstraße, Gladbach, Westend, Speick, Mönchengladbach, Regierungsbezirk Düsseldorf, Nordrhein-Westfalen, 41069, Deutschland",23499477,11.673495531082153,%,0.0,km/h,817.4444687366486,u/min,,,,,,,46.0,c,38.031686667352915,kPa,0.7,precision,0.0,km/h,1.2,precision,0.9000000000000001,precision,128.8000030517578,deg,120.0,m,3.0,%,9.411764958325548,%,1.4222581861310122,l/h,4.32662792372605,g/s,3.3423067374078785,kg/h,,,,,,,,,,,,,,,residential,,,,,,,,,,,,,,,,,,,
579b2b93e4b086b281c7d50f,2.1478121761556013,576c300de4b0ea2463f1c5b0,2007,1800,gasoline,Dodge,Caliber,33,51.18558042962912,6.41717323185666,2016-07-29T10:05:51Z,daylight,2,"Kabelstraße, Gladbach, Westend, Speick, Mönchengladbach, Regierungsbezirk Düsseldorf, Nordrhein-Westfalen, 41069, Deutschland",23499477,11.000000163912773,%,0.0,km/h,707.7973982989788,u/min,,,,,,,47.00000128580723,c,37.0,kPa,0.7,precision,0.0,km/h,1.2,precision,0.9000000000000001,precision,,,120.00000357627869,m,3.000000089406967,%,8.755811738828129,%,1.1943362749940192,l/h,3.6332704765547224,g/s,2.806690246235945,kg/h,,,,,,,,,,,,,,,residential,,,,,,,,,,,,,,,,,,,
579b2b93e4b086b281c7d50f,2.1478121761556013,576c300de4b0ea2463f1c5b0,2007,1800,gasoline,Dodge,Caliber,34,51.18557919326672,6.417168637803898,2016-07-29T10:05:56Z,daylight,2,"Kabelstraße, Gladbach, Westend, Speick, Mönchengladbach, Regierungsbezirk Düsseldorf, Nordrhein-Westfalen, 41069, Deutschland",23499477,11.000000327825546,%,0.0,km/h,703.80078125,u/min,,,,,,,47.00000140070915,c,37.000000034458935,kPa,0.7000000208616256,precision,0.0,km/h,1.200000035762787,precision,0.9000000268220902,precision,,,120.69774949550629,m,3.000000089406967,%,8.627450942993164,%,1.1875923900219032,l/h,3.612755016479131,g/s,2.7908421165514725,kg/h,,,,,,,,,,,,,,,residential,,,,,,,,,,,,,,,,,,,
579b2b93e4b086b281c7d50f,2.1478121761556013,576c300de4b0ea2463f1c5b0,2007,1800,gasoline,Dodge,Caliber,35,51.18557714000001,6.417169006689655,2016-07-29T10:06:01Z,daylight,2,"Kabelstraße, Gladbach, Westend, Speick, Mönchengladbach, Regierungsbezirk Düsseldorf, Nordrhein-Westfalen, 41069, Deutschland",23499477,11.0,%,0.0,km/h,706.4068346619606,u/min,,,,,,,47.00000140070915,c,36.0,kPa,0.6999999791383742,precision,0.0,km/h,1.1362910926342011,precision,0.8999999731779098,precision,128.89999389648438,deg,121.0,m,3.0,%,8.422205594516697,%,1.1597738979479293,l/h,3.52812884538243,g/s,2.725468660177634,kg/h,,,,,,,,,,,,,,,residential,,,,,,,,,,,,,,,,,,,
579b2b93e4b086b281c7d50f,2.1478121761556013,576c300de4b0ea2463f1c5b0,2007,1800,gasoline,Dodge,Caliber,36,51.1855665728,6.417171187679975,2016-07-29T10:06:06Z,daylight,2,"Kabelstraße, Gladbach, Westend, Speick, Mönchengladbach, Regierungsbezirk Düsseldorf, Nordrhein-Westfalen, 41069, Deutschland",23499477,11.000000327825546,%,0.0,km/h,696.0672702789307,u/min,,,,,,,46.99999859929085,c,36.0,kPa,0.9000000268220902,precision,0.0,km/h,1.6000000476837157,precision,1.300000038743019,precision,,,121.0,m,4.0,%,8.626952616857913,%,1.1427984820328834,l/h,3.4764882155508676,g/s,2.685576432777276,kg/h,,,,,,,,,,,,,,,residential,,,,,,,,,,,,,,,,,,,
579b2b93e4b086b281c7d50f,2.1478121761556013,576c300de4b0ea2463f1c5b0,2007,1800,gasoline,Dodge,Caliber,37,51.18556418380028,6.4171653390486245,2016-07-29T10:06:11Z,daylight,2,"Kabelstraße, Gladbach, Westend, Speick, Mönchengladbach, Regierungsbezirk Düsseldorf, Nordrhein-Westfalen, 41069, Deutschland",23499477,11.000000327825546,%,0.0,km/h,686.2887418270111,u/min,,,,,,,46.999999299645424,c,36.000001072883606,kPa,0.8999999731779098,precision,0.0,km/h,1.5999999523162844,precision,1.299999961256981,precision,,,121.00000360608101,m,4.0000001192092896,%,8.235294587471913,%,1.1267441920374148,l/h,3.4276497275271525,g/s,2.647848851287925,kg/h,,,,,,,,,,,,,,,residential,,,,,,,,,,,,,,,,,,,
579b2b93e4b086b281c7d50f,2.1478121761556013,576c300de4b0ea2463f1c5b0,2007,1800,gasoline,Dodge,Caliber,38,51.185562662492494,6.417160246846845,2016-07-29T10:06:16Z,daylight,2,"Kabelstraße, Gladbach, Westend, Speick, Mönchengladbach, Regierungsbezirk Düsseldorf, Nordrhein-Westfalen, 41069, Deutschland",23499477,10.999999836087227,%,0.0,km/h,696.6828963756561,u/min,,,,,,,47.999998569488525,c,35.83698296546936,kPa,0.9000000000000001,precision,0.0,km/h,1.5662955462932586,precision,1.2662955462932586,precision,,,121.0,m,5.0,%,8.235294388059309,%,1.1350842812351618,l/h,3.4530209738741315,g/s,2.6674480609026303,kg/h,,,,,,,,,,,,,,,residential,,,,,,,,,,,,,,,,,,,
579b2b93e4b086b281c7d50f,2.1478121761556013,576c300de4b0ea2463f1c5b0,2007,1800,gasoline,Dodge,Caliber,39,51.18556098337137,6.417159881693727,2016-07-29T10:06:21Z,daylight,2,"Kabelstraße, Gladbach, Westend, Speick, Mönchengladbach, Regierungsbezirk Düsseldorf, Nordrhein-Westfalen, 41069, Deutschland",23499477,11.000000327825546,%,0.0,km/h,694.7766367197037,u/min,,,,,,,47.99999928474426,c,35.999998927116394,kPa,0.8999999731779098,precision,0.0,km/h,1.4999999552965164,precision,1.199999964237213,precision,,,120.99999639391899,m,5.999999821186066,%,8.627451200111238,%,1.137127633320194,l/h,3.4592370211961407,g/s,2.672249938302456,kg/h,,,,,,,,,,,,,,,residential,,,,,,,,,,,,,,,,,,,
579b2b93e4b086b281c7d50f,2.1478121761556013,576c300de4b0ea2463f1c5b0,2007,1800,gasoline,Dodge,Caliber,40,51.185563858949635,6.417160114244257,2016-07-29T10:06:26Z,daylight,2,"Kabelstraße, Gladbach, Westend, Speick, Mönchengladbach, Regierungsbezirk Düsseldorf, Nordrhein-Westfalen, 41069, Deutschland",23499477,11.00000024586916,%,0.0,km/h,699.6871586441994,u/min,,,,,,,47.99999964237213,c,36.0,kPa,0.8999999731779099,precision,0.0,km/h,1.4999999552965164,precision,1.1999999642372132,precision,,,121.00000360608101,m,6.000000178813934,%,8.627451071552201,%,1.1451646234908142,l/h,3.4836862150443473,g/s,2.6911368652034136,kg/h,,,,,,,,,,,,,,,residential,,,,,,,,,,,,,,,,,,,
579b2b93e4b086b281c7d50f,2.1478121761556013,576c300de4b0ea2463f1c5b0,2007,1800,gasoline,Dodge,Caliber,41,51.18554821355399,6.417179375206389,2016-07-29T10:06:31Z,daylight,2,"Kabelstraße, Gladbach, Westend, Speick, Mönchengladbach, Regierungsbezirk Düsseldorf, Nordrhein-Westfalen, 41069, Deutschland",23499477,35.85316348075867,%,9.292248964309692,km/h,1925.0679249763489,u/min,,,,,,,46.4552346765995,c,97.00000252947211,kPa,0.9000000000000001,precision,6.631601922325331,km/h,1.5,precision,1.2,precision,124.86639638521376,deg,121.74294647574425,m,6.257049709558487,%,34.50980325773651,%,8.530477950469459,l/h,25.950424798490634,g/s,20.04662318360323,kg/h,,,,,,,,,,,,,,,residential,,,,,,,,,,,,,,,,,,,
579b2b93e4b086b281c7d50f,2.1478121761556013,576c300de4b0ea2463f1c5b0,2007,1800,gasoline,Dodge,Caliber,42,51.18536872395416,6.417554084822204,2016-07-29T10:06:36Z,daylight,2,"Kabelstraße, Gladbach, Westend, Speick, Mönchengladbach, Regierungsbezirk Düsseldorf, Nordrhein-Westfalen, 41069, Deutschland",23499477,13.704109370708466,%,24.00000035762787,km/h,1717.7811193466187,u/min,,,,,,,44.99999966472387,c,29.660000026226044,kPa,0.7,precision,25.99726458758289,km/h,1.0303951382637024,precision,0.8,precision,130.58743195927627,deg,121.71858933568001,m,3.7185928523540497,%,7.744171922168576,%,2.3381721856950195,l/h,7.112914636566391,g/s,5.494704636383296,kg/h,,,,,,,,,,,,,,,residential,,,,,,,,,,,,,,,,,,,
579b2b93e4b086b281c7d50f,2.1478121761556013,576c300de4b0ea2463f1c5b0,2007,1800,gasoline,Dodge,Caliber,43,51.1850962268154,6.418018568806798,2016-07-29T10:06:41Z,daylight,2,"Kabelstraße, Gladbach, Westend, Speick, Mönchengladbach, Regierungsbezirk Düsseldorf, Nordrhein-Westfalen, 41069, Deutschland",23499477,15.912031166255474,%,34.999998956918716,km/h,2481.6849999427795,u/min,,,,,,,44.99999865889549,c,34.503145694732666,kPa,0.7000000208616256,precision,36.0521670681876,km/h,1.2000000357627867,precision,0.9000000268220901,precision,132.73183968692865,deg,123.68159204721451,m,3.318407952785492,%,9.054167125939578,%,3.929550433156161,l/h,11.954019880197137,g/s,9.23444351791698,kg/h,,,,,,,,,,,,,,,residential,,,,,,,,,,,,,,,,,,,
579b2b93e4b086b281c7d50f,2.1478121761556013,576c300de4b0ea2463f1c5b0,2007,1800,gasoline,Dodge,Caliber,44,51.1847674168953,6.418551586551651,2016-07-29T10:06:46Z,daylight,2,"Kabelstraße, Gladbach, Westend, Speick, Mönchengladbach, Regierungsbezirk Düsseldorf, Nordrhein-Westfalen, 41069, Deutschland",23499477,14.999999552965164,%,34.0,km/h,2452.9080056250095,u/min,,,,,,,44.99999865889549,c,34.999998956918716,kPa,0.7645544320344925,precision,35.426495038575695,km/h,1.129108875989914,precision,0.8645544290542603,precision,132.50639608857637,deg,124.9999962747097,m,3.9999998807907104,%,9.411765098571777,%,3.9399146271230348,l/h,11.9855486219272,g/s,9.258799373739132,kg/h,,,,,,,,,,,,,,,residential,,,,,,,,,,,,,,,,,,,
579b2b93e4b086b281c7d50f,2.1478121761556013,576c300de4b0ea2463f1c5b0,2007,1800,gasoline,Dodge,Caliber,45,51.184496060467275,6.419051432659192,2016-07-29T10:06:51Z,daylight,2,"Kabelstraße, Gladbach, Westend, Speick, Mönchengladbach, Regierungsbezirk Düsseldorf, Nordrhein-Westfalen, 41069, Deutschland",23499477,16.771250247955322,%,34.99999921768904,km/h,2462.3608578443527,u/min,,,,,,,44.999999329447746,c,47.32985657453537,kPa,0.7000000208616256,precision,35.38788177856725,km/h,1.1000000327825548,precision,0.800000023841858,precision,132.12207297490932,deg,122.60121822357178,m,3.30060738325119,%,12.71766709276153,%,5.348406472275774,l/h,16.270298189202258,g/s,12.568755209848069,kg/h,,,,,,,,,,,,,,,residential,,,,,,,,,,,,,,,,,,,
579b2b93e4b086b281c7d50f,2.1478121761556013,576c300de4b0ea2463f1c5b0,2007,1800,gasoline,Dodge,Caliber,46,51.184180754192404,6.419607344461991,2016-07-29T10:06:56Z,daylight,2,"Kabelstraße, Gladbach, Westend, Speick, Mönchengladbach, Regierungsbezirk Düsseldorf, Nordrhein-Westfalen, 41069, Deutschland",23499477,21.87368357181549,%,37.83375056087971,km/h,2678.6659231833182,u/min,,,,,,,45.0,c,57.39684574306011,kPa,0.7288246273994445,precision,38.390937892590046,km/h,1.1288246273994447,precision,0.8288246273994446,precision,138.40612915274596,deg,122.26672497391701,m,2.999999910593033,%,17.403118593375837,%,7.0557648188753515,l/h,21.46422455942039,g/s,16.581047324357076,kg/h,,,,,,,,,,,,,,,residential,,,,,,,,,,,,,,,,,,,
579b2b93e4b086b281c7d50f,2.1478121761556013,576c300de4b0ea2463f1c5b0,2007,1800,gasoline,Dodge,Caliber,47,51.18366486538225,6.419994603175371,2016-07-29T10:07:01Z,daylight,2,"Kabelstraße, Gladbach, Westend, Speick, Mönchengladbach, Regierungsbezirk Düsseldorf, Nordrhein-Westfalen, 41069, Deutschland",23499477,12.026151640340686,%,49.700495064258575,km/h,1894.41044652462,u/min,,,,,,,43.136537313461304,c,23.000000685453415,kPa,0.7,precision,51.44159611853115,km/h,1.0678286850452423,precision,0.8,precision,157.6404788158461,deg,121.0,m,3.0,%,5.098039302171443,%,2.011363974705111,l/h,6.118736824717506,g/s,4.726705340557011,kg/h,,,,,,,,,,,,,,,residential,,,,,,,,,,,,,,,,,,,
579b2b93e4b086b281c7d50f,2.1478121761556013,576c300de4b0ea2463f1c5b0,2007,1800,gasoline,Dodge,Caliber,48,51.18308784090156,6.420399049256438,2016-07-29T10:07:06Z,daylight,2,"Kabelstraße, Gladbach, Westend, Speick, Mönchengladbach, Regierungsbezirk Düsseldorf, Nordrhein-Westfalen, 41069, Deutschland",23499477,16.00000023841858,%,51.49744093418121,km/h,2401.0263184309006,u/min,,,,,,,44.0,c,43.823530063033104,kPa,0.7000000208616256,precision,52.8184203186255,km/h,1.0000000298023224,precision,0.8000000238418579,precision,156.2103377876574,deg,119.00000354647636,m,3.000000089406967,%,11.366895666869667,%,4.844054354231029,l/h,14.736017016766978,g/s,11.38352773244292,kg/h,,,,,,,,,,,,,,,residential,,,,,,,,,,,,,,,,,,,
579b2b93e4b086b281c7d50f,2.1478121761556013,576c300de4b0ea2463f1c5b0,2007,1800,gasoline,Dodge,Caliber,49,51.18245840572428,6.4208015502672176,2016-07-29T10:07:11Z,daylight,2,"Kabelstraße, Gladbach, Westend, Speick, Mönchengladbach, Regierungsbezirk Düsseldorf, Nordrhein-Westfalen, 41069, Deutschland",23499477,12.999999612569809,%,51.987341239117086,km/h,2393.2471125125885,u/min,,,,,,,45.00000134110451,c,22.0,kPa,0.7,precision,53.638371438580975,km/h,1.1,precision,0.8,precision,158.91831275282266,deg,116.99999651312828,m,2.999999910593033,%,5.098039150238037,%,2.4162826753931497,l/h,7.350533255435576,g/s,5.678264287173902,kg/h,,,,,,,,,,,,,,,residential,,,,,,,,,,,,,,,,,,,
579b2b93e4b086b281c7d50f,2.1478121761556013,576c300de4b0ea2463f1c5b0,2007,1800,gasoline,Dodge,Caliber,50,51.181920646031855,6.421392702710541,2016-07-29T10:07:16Z,daylight,2,"Kabelstraße, Gladbach, Westend, Speick, Mönchengladbach, Regierungsbezirk Düsseldorf, Nordrhein-Westfalen, 41069, Deutschland",23499477,13.000000387430191,%,50.53459119796753,km/h,2344.0729781091213,u/min,,,,,,,45.0,c,21.0,kPa,0.7000000208616256,precision,52.08219974562337,km/h,1.0000000298023224,precision,0.800000023841858,precision,135.15174167156238,deg,114.25024685263634,m,2.999999910593033,%,5.0980391122546855,%,2.259060909408259,l/h,6.872251541495709,g/s,5.30879313710941,kg/h,,,,,,,,,,,,,,,residential,,,,,,,,,,,,,,,,,,,
579b2b93e4b086b281c7d50f,2.1478121761556013,576c300de4b0ea2463f1c5b0,2007,1800,gasoline,Dodge,Caliber,51,51.18161300301044,6.4220732665693845,2016-07-29T10:07:21Z,daylight,2,"Kabelstraße, Gladbach, Westend, Speick, Mönchengladbach, Regierungsbezirk Düsseldorf, Nordrhein-Westfalen, 41069, Deutschland",23499477,11.58354115486145,%,25.781448543071747,km/h,950.7490189895034,u/min,,,,,,,44.99999865889549,c,29.999999329447746,kPa,0.6313060820102692,precision,29.401635939856988,km/h,1.031306082010269,precision,0.7313060820102691,precision,135.04610249700545,deg,111.29100000858307,m,3.0,%,7.2513280641591535,%,1.3089548006896876,l/h,3.9819495832647536,g/s,3.076043781620766,kg/h,,,,,,,,,,,,,,,residential,,,,,,,,,,,,,,,,,,,
579b2b93e4b086b281c7d50f,2.1478121761556013,576c300de4b0ea2463f1c5b0,2007,1800,gasoline,Dodge,Caliber,52,51.18134058471968,6.422058767904737,2016-07-29T10:07:26Z,daylight,2,"Kabelstraße, Gladbach, Westend, Speick, Mönchengladbach, Regierungsbezirk Düsseldorf, Nordrhein-Westfalen, 41069, Deutschland",23499477,11.999999642372131,%,19.69086080789566,km/h,1381.7049388885498,u/min,,,,,,,44.999999937135726,c,22.992267370224,kPa,0.7,precision,22.118512426997995,km/h,1.1,precision,0.8,precision,203.3492492645978,deg,110.6653299331665,m,3.000000089406967,%,5.7481280970447415,%,1.4579231383833178,l/h,4.435123680556917,g/s,3.426119375200797,kg/h,,,,,,,,,,,,,,,residential,,,,,,,,,,,,,,,,,,,
579b2b93e4b086b281c7d50f,2.1478121761556013,576c300de4b0ea2463f1c5b0,2007,1800,gasoline,Dodge,Caliber,53,51.18127684309855,6.421949871549291,2016-07-29T10:07:31Z,daylight,2,"Kabelstraße, Gladbach, Westend, Speick, Mönchengladbach, Regierungsbezirk Düsseldorf, Nordrhein-Westfalen, 41069, Deutschland",23499477,26.978092789649963,%,2.1797468662261963,km/h,1711.052348844707,u/min,,,,,,,44.99999865889549,c,95.89709583669901,kPa,0.7322482407093047,precision,1.8414272644628653,km/h,1.0644964694976806,precision,0.8644964635372162,precision,215.7295762173726,deg,110.0,m,3.0,%,31.640067210610937,%,7.530195840204242,l/h,22.90748326222132,g/s,17.69596022447997,kg/h,,,,,,,,,,,,,,,residential,,,,,,,,,,,,,,,,,,,
579b2b93e4b086b281c7d50f,2.1478121761556013,576c300de4b0ea2463f1c5b0,2007,1800,gasoline,Dodge,Caliber,54,51.18111329225819,6.4221742803441195,2016-07-29T10:07:36Z,daylight,2,"Landscheidung, Gladbach, Westend, Speick, Mönchengladbach, Regierungsbezirk Düsseldorf, Nordrhein-Westfalen, 41069, Deutschland",37652463,13.428571820259094,%,29.000000648200512,km/h,2851.0343955755234,u/min,,,,,,,42.99999935925007,c,25.84955734014511,kPa,0.6999999791383742,precision,28.54064677479846,km/h,0.9999999701976776,precision,0.7999999761581421,precision,124.2700064528135,deg,110.99999669194221,m,2.999999910593033,%,6.5141613813739525,%,3.403547585814903,l/h,10.353875385014419,g/s,7.998336826665022,kg/h,,,,,,,,,,,,,,,residential,,,,,,,,,,,,,,,,,,,
579b2b93e4b086b281c7d50f,2.1478121761556013,576c300de4b0ea2463f1c5b0,2007,1800,gasoline,Dodge,Caliber,55,51.18087842506188,6.422793239940353,2016-07-29T10:07:41Z,daylight,2,"Landscheidung, Gladbach, Westend, Speick, Mönchengladbach, Regierungsbezirk Düsseldorf, Nordrhein-Westfalen, 41069, Deutschland",37652463,31.578004874289036,%,44.02051281929016,km/h,3137.919241696596,u/min,,,,,,,41.91071365773678,c,87.54336726665497,kPa,0.7,precision,41.96576205306894,km/h,1.134138971567154,precision,0.8341389715671539,precision,119.5604794055223,deg,110.99999669194221,m,2.999999910593033,%,31.074947483304413,%,12.730345842057073,l/h,38.72677291369112,g/s,29.91631272883412,kg/h,,,,,,,,,,,,,,,residential,,,,,,,,,,,,,,,,,,,
579b2b93e4b086b281c7d50f,2.1478121761556013,576c300de4b0ea2463f1c5b0,2007,1800,gasoline,Dodge,Caliber,56,51.18054993510128,6.4235481350667865,2016-07-29T10:07:46Z,daylight,2,"Landscheidung, Gladbach, Dahl, Ohler, Mönchengladbach, Regierungsbezirk Düsseldorf, Nordrhein-Westfalen, 41069, Deutschland",471951470,16.228682160377502,%,46.99999859929085,km/h,2176.0996069312096,u/min,,,,,,,42.00000125169754,c,48.21391609311104,kPa,0.8105422943830489,precision,48.26808046957569,km/h,1.3868979871273042,precision,1.131626844406128,precision,126.40880978600785,deg,111.56011691689491,m,2.999999910593033,%,12.545983877212166,%,4.860750282480518,l/h,14.786807421829275,g/s,11.422763163829218,kg/h,,,,,,,,,,,,,,,residential,,,,,,,,,,,,,,,,,,,
579b2b93e4b086b281c7d50f,2.1478121761556013,576c300de4b0ea2463f1c5b0,2007,1800,gasoline,Dodge,Caliber,57,51.180200544230956,6.424246742626078,2016-07-29T10:07:51Z,daylight,2,"Landscheidung, Gladbach, Dahl, Ohler, Mönchengladbach, Regierungsbezirk Düsseldorf, Nordrhein-Westfalen, 41069, Deutschland",24620371,13.000000387430191,%,43.90243771672249,km/h,2013.2558113634586,u/min,,,,,,,43.00000064074993,c,23.000000685453415,kPa,0.9,precision,45.26991744401198,km/h,1.720362901687622,precision,1.4754536271095275,precision,128.94476889039083,deg,111.31904616951942,m,4.560319185256958,%,5.098039150238037,%,2.138469538569898,l/h,6.50540254212451,g/s,5.025403415639261,kg/h,,,,,,,,,,,,,,,residential,,,,,,,,,,,,,,,,,,,
579b2b93e4b086b281c7d50f,2.1478121761556013,576c300de4b0ea2463f1c5b0,2007,1800,gasoline,Dodge,Caliber,58,51.179815532822346,6.424868320274306,2016-07-29T10:07:56Z,daylight,2,"Landscheidung, Gladbach, Dahl, Ohler, Mönchengladbach, Regierungsbezirk Düsseldorf, Nordrhein-Westfalen, 41069, Deutschland",24620371,12.000000268220901,%,29.5994930267334,km/h,1382.8054859638214,u/min,,,,,,,43.99999934434891,c,24.447300791740417,kPa,0.867757910490036,precision,33.240511326890896,km/h,1.5032737642526626,precision,1.2032737731933594,precision,137.42449930238718,deg,111.70499667525291,m,2.999999910593033,%,5.447406424521208,%,1.5563122647842285,l/h,4.734431602162355,g/s,3.6573338222429372,kg/h,,,,,,,,,,,,,,,residential,,,,,,,,,,,,,,,,,,,
579b2b93e4b086b281c7d50f,2.1478121761556013,576c300de4b0ea2463f1c5b0,2007,1800,gasoline,Dodge,Caliber,59,51.179562685664706,6.425206683915971,2016-07-29T10:08:01Z,daylight,2,"Kawittenberg, Gladbach, Dahl, Ohler, Mönchengladbach, Regierungsbezirk Düsseldorf, Nordrhein-Westfalen, 41069, Deutschland",24675102,13.190293669700623,%,23.000000342726707,km/h,1032.1053123809397,u/min,,,,,,,44.0,c,43.35785537958145,kPa,0.8646706581115723,precision,25.258418579378258,km/h,1.3293413162231444,precision,1.0646706581115724,precision,158.82307787800164,deg,110.32867133617401,m,3.3286713361740112,%,10.01675081153212,%,2.060139054272002,l/h,6.267114681349953,g/s,4.841326777539205,kg/h,,,,,,,,,,,,,,,unclassified,,,,,,,,,,,,,,,,,,,
579b2b93e4b086b281c7d50f,2.1478121761556013,576c300de4b0ea2463f1c5b0,2007,1800,gasoline,Dodge,Caliber,60,51.179332220775116,6.425305328019473,2016-07-29T10:08:06Z,daylight,2,"Kawittenberg, Gladbach, Dahl, Ohler, Mönchengladbach, Regierungsbezirk Düsseldorf, Nordrhein-Westfalen, 41069, Deutschland",40795171,13.487582087516785,%,18.999999716877937,km/h,1404.5370845794678,u/min,,,,,,,43.999998688697815,c,39.87403583526611,kPa,0.6384539335966111,precision,18.77760563982855,km/h,1.03845394551754,precision,0.7384539365768432,precision,129.3239658698485,deg,107.36108005046844,m,2.999999910593033,%,10.303309094160795,%,2.5782684632759256,l/h,7.843307520990638,g/s,6.058930888698425,kg/h,,,,,,,,,,,,,,,residential,,,,,,,,,,,,,,,,,,,
579b2b93e4b086b281c7d50f,2.1478121761556013,576c300de4b0ea2463f1c5b0,2007,1800,gasoline,Dodge,Caliber,61,51.179349409214055,6.425739966521748,2016-07-29T10:08:11Z,daylight,2,"Wilhelm-Wachtendonk-Straße, Gladbach, Dahl, Ohler, Mönchengladbach, Regierungsbezirk Düsseldorf, Nordrhein-Westfalen, 41069, Deutschland",24675104,18.34688401222229,%,24.0418840944767,km/h,1764.9656970500946,u/min,,,,,,,44.0,c,69.65119472146034,kPa,0.6999999791383743,precision,24.48168608287483,km/h,1.064263927936554,precision,0.8642639338970185,precision,100.02642983548503,deg,109.0,m,3.0,%,21.65532065087575,%,5.659389290280229,l/h,17.216333836806648,g/s,13.29956483215854,kg/h,,,,,,,,,,,,,,,residential,,,,,,,,,,,,,,,,,,,
579b2b93e4b086b281c7d50f,2.1478121761556013,576c300de4b0ea2463f1c5b0,2007,1800,gasoline,Dodge,Caliber,62,51.17909772507686,6.42618354825267,2016-07-29T10:08:16Z,daylight,2,"Wilhelm-Wachtendonk-Straße, Gladbach, Dahl, Ohler, Mönchengladbach, Regierungsbezirk Düsseldorf, Nordrhein-Westfalen, 41069, Deutschland",24675104,19.999999403953552,%,36.000000804662704,km/h,2595.0843447595835,u/min,,,,,,,42.00000062584877,c,60.71373736858368,kPa,0.7,precision,33.46371332419386,km/h,1.0687687695026398,precision,0.8687687695026398,precision,139.79587298333627,deg,109.2880128622055,m,2.999999910593033,%,18.253164999382193,%,7.299457395676505,l/h,22.205557685764234,g/s,17.15372487983979,kg/h,,,,,,,,,,,,,,,residential,,,,,,,,,,,,,,,,,,,
579b2b93e4b086b281c7d50f,2.1478121761556013,576c300de4b0ea2463f1c5b0,2007,1800,gasoline,Dodge,Caliber,63,51.17867207939862,6.426576587991104,2016-07-29T10:08:21Z,daylight,2,"Wilhelm-Wachtendonk-Straße, Gladbach, Dahl, Ohler, Mönchengladbach, Regierungsbezirk Düsseldorf, Nordrhein-Westfalen, 41069, Deutschland",24675104,16.0,%,38.0,km/h,2680.99067902565,u/min,,,,,,,41.99999937415123,c,39.60477349162102,kPa,0.7,precision,38.617714849959384,km/h,1.1314057826995851,precision,0.9,precision,151.35863887081177,deg,110.0,m,4.0,%,11.692411516704382,%,4.919205575871073,l/h,14.964633295597793,g/s,11.560133103297023,kg/h,,,,,,,,,,,,,,,residential,,,,,,,,,,,,,,,,,,,
579b2b93e4b086b281c7d50f,2.1478121761556013,576c300de4b0ea2463f1c5b0,2007,1800,gasoline,Dodge,Caliber,64,51.17825618938355,6.426756728828341,2016-07-29T10:08:26Z,daylight,2,"Wilhelm-Wachtendonk-Straße, Gladbach, Dahl, Ohler, Mönchengladbach, Regierungsbezirk Düsseldorf, Nordrhein-Westfalen, 41069, Deutschland",24675104,11.50800034403801,%,20.544021010398865,km/h,1461.953668365255,u/min,,,,,,,41.99999874830246,c,25.604278087615967,kPa,0.7,precision,23.920555896735095,km/h,1.0741675078868866,precision,0.8,precision,169.80545530617837,deg,114.23535352945328,m,3.0,%,5.098039150238037,%,1.7341963988540152,l/h,5.2755699616804845,g/s,4.075361537306936,kg/h,,,,,,,,,,,,,,,residential,,,,,,,,,,,,,,,,,,,
579b2b93e4b086b281c7d50f,2.1478121761556013,576c300de4b0ea2463f1c5b0,2007,1800,gasoline,Dodge,Caliber,65,51.17798375387522,6.426782735744858,2016-07-29T10:08:31Z,daylight,2,"Wilhelm-Wachtendonk-Straße, Dahl, Ohler, Mönchengladbach, Regierungsbezirk Düsseldorf, Nordrhein-Westfalen, 41069, Deutschland",24674981,29.00000070221722,%,27.8765949010849,km/h,2033.8508795499802,u/min,,,,,,,41.00000122189522,c,94.65647745132446,kPa,0.6999999791383743,precision,26.108487722815653,km/h,1.0999999672174454,precision,0.7999999761581421,precision,155.65926693276197,deg,114.71159905195236,m,3.000000089406967,%,31.764706131289984,%,8.94750243940541,l/h,27.219048045874544,g/s,21.026630732602715,kg/h,,,,,,,,,,,,,,,residential,,,,,,,,,,,,,,,,,,,
579b2b93e4b086b281c7d50f,2.1478121761556013,576c300de4b0ea2463f1c5b0,2007,1800,gasoline,Dodge,Caliber,66,51.17758171875407,6.426987506376641,2016-07-29T10:08:36Z,daylight,2,"Wilhelm-Wachtendonk-Straße, Dahl, Ohler, Mönchengladbach, Regierungsbezirk Düsseldorf, Nordrhein-Westfalen, 41069, Deutschland",24674981,15.932114392518997,%,43.93823915719986,km/h,2980.7735880613327,u/min,,,,,,,39.00000116229057,c,32.73469400405884,kPa,0.7999999761581421,precision,42.764595201650764,km/h,1.4536603927612306,precision,1.1804906189441682,precision,164.71278519468888,deg,115.54829534888268,m,2.999999910593033,%,8.933165181281325,%,4.563976285177742,l/h,13.883996190867789,g/s,10.725344270167694,kg/h,,,,,,,,,,,,,,,residential,,,,,,,,,,,,,,,,,,,
