trip_id,trip_length,car_id,car_construction_year,car_engine_displacement,car_fuel_type,car_manufacturer,car_model,measure_index,latitude,longitude,time,road_name,osmap_id,Throttle Position_value,Throttle Position_unit,Speed_value,Speed_unit,Rpm_value,Rpm_unit,O2 Lambda Voltage_value,O2 Lambda Voltage_unit,O2 Lambda Voltage ER_value,O2 Lambda Voltage ER_unit,MAF_value,MAF_unit,Intake Temperature_value,Intake Temperature_unit,Intake Pressure_value,Intake Pressure_unit,GPS VDOP_value,GPS VDOP_unit,GPS Speed_value,GPS Speed_unit,GPS PDOP_value,GPS PDOP_unit,GPS HDOP_value,GPS HDOP_unit,GPS Bearing_value,GPS Bearing_unit,GPS Altitude_value,GPS Altitude_unit,GPS Accuracy_value,GPS Accuracy_unit,Engine Load_value,Engine Load_unit,Consumption_value,Consumption_unit,Calculated MAF_value,Calculated MAF_unit,CO2_value,CO2_unit,abandoned:highway,abutters,alt_ref,bicycle,bridge_ref,change:lanes,cycleway,cycleway:left,cycleway:right,electrified,highway,incline,lanes,lit,maxspeed,oneway,opening_date,railway,start_date,strassen-nrw:abs,surface,turn,voltage
57efd723e4b01fb1bfc685a2,17.034586037821008,575029fde4b09078f9862e29,2015,1000,gasoline,seat,mii,0,51.20599882299278,6.373599061941311,2016-10-01T07:39:45Z,"Winkeln, Venn, Winkeln, Mönchengladbach, Regierungsbezirk Düsseldorf, Nordrhein-Westfalen, 41068, Deutschland",148886403,12.661101818084717,%,53.99658742058091,km/h,1659.7255823165178,u/min,,,,,,,15.999999523162842,c,25.30666744709015,kPa,1.1547713369131087,precision,54.16015175479538,km/h,1.3999999582767484,precision,0.8452286034822465,precision,294.1352650571971,deg,117.06223320339961,m,4.0000001192092896,%,14.488888760485679,%,1.17827049226427,l/h,3.5843970266755982,g/s,2.7689356568210344,kg/h,,,,,,,,,,,tertiary,,,,,,,,,,,,
57efd723e4b01fb1bfc685a2,17.034586037821008,575029fde4b09078f9862e29,2015,1000,gasoline,seat,mii,1,51.20616208947274,6.3726621912383346,2016-10-01T07:39:50Z,"Winkeln, Venn, Winkeln, Mönchengladbach, Regierungsbezirk Düsseldorf, Nordrhein-Westfalen, 41068, Deutschland",148886403,11.10393688455224,%,38.45410633087158,km/h,1211.5250860750675,u/min,,,,,,,15.999999523162842,c,19.273322999477386,kPa,1.2999999612569808,precision,38.86225762188349,km/h,1.4999999552965164,precision,0.846751943230629,precision,287.72957753679293,deg,116.9674446698464,m,4.0000001192092896,%,10.32722585815128,%,0.6550323763032863,l/h,1.992663074745955,g/s,1.5393260843127228,kg/h,,,,,,,,,,,tertiary,,,,,,,,,,,,
57efd723e4b01fb1bfc685a2,17.034586037821008,575029fde4b09078f9862e29,2015,1000,gasoline,seat,mii,2,51.206273582814106,6.3722133611143015,2016-10-01T07:39:55Z,"Winkeln, Venn, Winkeln, Mönchengladbach, Regierungsbezirk Düsseldorf, Nordrhein-Westfalen, 41068, Deutschland",148886409,19.208196997642517,%,17.539734572172165,km/h,1399.8463226258755,u/min,,,,,,,16.99999949336052,c,66.10945381224155,kPa,1.1,precision,17.897149195551208,km/h,1.4,precision,0.9,precision,246.26265629389218,deg,116.54106292529971,m,4.0000001192092896,%,49.53663146458024,%,2.5871303282834663,l/h,7.870266052832328,g/s,6.079756271466146,kg/h,,,,,,,,,,,tertiary,,,,,,,,,,,,
57efd723e4b01fb1bfc685a2,17.034586037821008,575029fde4b09078f9862e29,2015,1000,gasoline,seat,mii,3,51.20615464106209,6.371779852156027,2016-10-01T07:40:00Z,"Winkeln, Venn, Winkeln, Mönchengladbach, Regierungsbezirk Düsseldorf, Nordrhein-Westfalen, 41068, Deutschland",190293520,19.66666680574417,%,31.905172176659107,km/h,2370.0355260297656,u/min,,,,,,,17.0,c,54.28330701589584,kPa,1.1477777779102325,precision,30.637950902034845,km/h,1.4477777779102325,precision,0.9477777779102325,precision,261.2802284406134,deg,116.10939568921225,m,5.001005053520203,%,41.11188208613726,%,3.596628075888312,l/h,10.941242325858568,g/s,8.452075978337534,kg/h,,,,,,,,,,,tertiary,,,,,,,,,,,,
57efd723e4b01fb1bfc685a2,17.034586037821008,575029fde4b09078f9862e29,2015,1000,gasoline,seat,mii,4,51.20611741005787,6.371091888578081,2016-10-01T07:40:05Z,"Winkeln, Venn, Winkeln, Mönchengladbach, Regierungsbezirk Düsseldorf, Nordrhein-Westfalen, 41068, Deutschland",190293520,24.999999441206455,%,40.19561491906643,km/h,1968.4907258749008,u/min,,,,,,,17.000000063329935,c,81.47118401527405,kPa,1.1,precision,39.76945326834755,km/h,1.512693500518799,precision,1.012693500518799,precision,265.0364620532173,deg,115.60512858118469,m,6.000000178813934,%,66.62765200513422,%,4.483444286801815,l/h,13.639011140808355,g/s,10.536094073984264,kg/h,,,,,,,,,,,tertiary,,,,,,,,,,,,
57efd723e4b01fb1bfc685a2,17.034586037821008,575029fde4b09078f9862e29,2015,1000,gasoline,seat,mii,5,51.206096081751404,6.37020848046261,2016-10-01T07:40:10Z,"Winkeln, Venn, Winkeln, Mönchengladbach, Regierungsbezirk Düsseldorf, Nordrhein-Westfalen, 41068, Deutschland",190293520,20.99999976530671,%,46.00000137090683,km/h,1716.3114504814148,u/min,,,,,,,16.0,c,72.13119995594025,kPa,1.1469207882881165,precision,46.56364593937542,km/h,1.4999999552965164,precision,0.9530791491270065,precision,274.9354564240348,deg,115.11891628177409,m,4.0,%,55.767842692038585,%,3.4729058656179452,l/h,10.564869052031924,g/s,8.161328784202171,kg/h,,,,,,,,,,,tertiary,,,,,,,,,,,,
57efd723e4b01fb1bfc685a2,17.034586037821008,575029fde4b09078f9862e29,2015,1000,gasoline,seat,mii,6,51.206237670663214,6.3692885417458385,2016-10-01T07:40:15Z,"Winkeln, Venn, Winkeln, Mönchengladbach, Regierungsbezirk Düsseldorf, Nordrhein-Westfalen, 41068, Deutschland",190293520,21.0,%,49.65640193223953,km/h,1845.1774193048477,u/min,,,,,,,16.0,c,68.9789968430996,kPa,1.2000000357627867,precision,49.33860455959211,km/h,1.5458171665668488,precision,0.9458171486854554,precision,288.21808860800684,deg,114.71509226670781,m,3.9999998807907104,%,54.117645263671875,%,3.570497720563759,l/h,10.86175160743167,g/s,8.390669643324834,kg/h,,,,,,,,,,,tertiary,,,,,,,,,,,,
57efd723e4b01fb1bfc685a2,17.034586037821008,575029fde4b09078f9862e29,2015,1000,gasoline,seat,mii,7,51.206428402284814,6.368323646483699,2016-10-01T07:40:20Z,"Winkeln, Venn, Winkeln, Mönchengladbach, Regierungsbezirk Düsseldorf, Nordrhein-Westfalen, 41068, Deutschland",190293520,23.605218082666397,%,52.646551728248596,km/h,1940.0584192276,u/min,,,,,,,16.0,c,81.86034536268562,kPa,1.3,precision,51.54669982137693,km/h,1.6,precision,0.9480119287967682,precision,283.00656523966245,deg,114.70264983960077,m,4.0,%,66.79374248987006,%,4.4551479909836305,l/h,13.552931450904786,g/s,10.469597778811531,kg/h,,,,,,,,,,,tertiary,,,,,,,,,,,,
57efd723e4b01fb1bfc685a2,17.034586037821008,575029fde4b09078f9862e29,2015,1000,gasoline,seat,mii,8,51.20647399555684,6.367250532083592,2016-10-01T07:40:25Z,"Winkelner Straße, Hehn, Kühlenhof, Mönchengladbach, Regierungsbezirk Düsseldorf, Nordrhein-Westfalen, 41169, Deutschland",148727545,27.79827669262886,%,57.126927971839905,km/h,2121.2911610603333,u/min,,,,,,,16.000000059604645,c,87.0,kPa,0.9501937985420228,precision,56.60654440761084,km/h,1.3003875970840453,precision,0.9003875970840454,precision,268.74410686434294,deg,114.86362001902407,m,3.9999998807907104,%,69.16430050660983,%,5.177180296735085,l/h,15.749413894359524,g/s,12.166373697327451,kg/h,,,,,,,,,,,tertiary,,,,,,,,,,,,
57efd723e4b01fb1bfc685a2,17.034586037821008,575029fde4b09078f9862e29,2015,1000,gasoline,seat,mii,9,51.20641779808285,6.366062995804275,2016-10-01T07:40:30Z,"Winkelner Straße, Hehn, Kühlenhof, Mönchengladbach, Regierungsbezirk Düsseldorf, Nordrhein-Westfalen, 41169, Deutschland",148727545,28.999999216757715,%,63.326194405555725,km/h,2363.7101196050644,u/min,,,,,,,16.0,c,89.0,kPa,1.049418604373932,precision,62.64004197085853,km/h,1.4,precision,0.9011627912521363,precision,266.6609097157161,deg,115.01763829064072,m,3.9999998807907104,%,67.51980265226939,%,5.901439727417752,l/h,17.952671437448753,g/s,13.868383359431718,kg/h,,,,,,,,,,,tertiary,,,,,,,,,,,,
57efd723e4b01fb1bfc685a2,17.034586037821008,575029fde4b09078f9862e29,2015,1000,gasoline,seat,mii,10,51.20637594835448,6.364735836805691,2016-10-01T07:40:35Z,"Winkelner Straße, Hehn, Kühlenhof, Mönchengladbach, Regierungsbezirk Düsseldorf, Nordrhein-Westfalen, 41169, Deutschland",148727545,29.99999910593033,%,69.99999895691872,km/h,2592.1909934580326,u/min,,,,,,,15.999999523162842,c,88.99999801069498,kPa,1.1000000327825548,precision,69.26463854484882,km/h,1.4000000417232512,precision,0.800000023841858,precision,266.68551537915664,deg,115.49740635339818,m,4.0000001192092896,%,66.77039006927816,%,6.471884376287961,l/h,19.688011596366,g/s,15.208928284276709,kg/h,,,,,,,,,,,tertiary,,,,,,,,,,,,
57efd723e4b01fb1bfc685a2,17.034586037821008,575029fde4b09078f9862e29,2015,1000,gasoline,seat,mii,11,51.20632815000549,6.363295221880994,2016-10-01T07:40:40Z,"Winkelner Straße, Hehn, Kühlenhof, Mönchengladbach, Regierungsbezirk Düsseldorf, Nordrhein-Westfalen, 41169, Deutschland",148727545,17.0484139919281,%,74.99999776482582,km/h,2544.9603421390057,u/min,,,,,,,15.99999988079071,c,40.26368275284767,kPa,1.0999999672174454,precision,75.2318715947722,km/h,1.3999999582767486,precision,0.7999999761581421,precision,267.04553018666775,deg,115.97622220057578,m,3.9999998807907104,%,24.587125775378524,%,2.8745394258922494,l/h,8.744588478516379,g/s,6.755167650846786,kg/h,,,,,,,,,,,tertiary,,,,,,,,,,,,
57efd723e4b01fb1bfc685a2,17.034586037821008,575029fde4b09078f9862e29,2015,1000,gasoline,seat,mii,12,51.206302849190536,6.361804561002515,2016-10-01T07:40:45Z,"Winkelner Straße, Hehn, Kühlenhof, Mönchengladbach, Regierungsbezirk Düsseldorf, Nordrhein-Westfalen, 41169, Deutschland",148727545,22.999999314546585,%,75.9999977350235,km/h,2324.8236272335052,u/min,,,,,,,15.99999988079071,c,71.99999785423279,kPa,1.1,precision,74.63682873652192,km/h,1.4,precision,0.8,precision,271.07706920078454,deg,116.23335608423574,m,3.9999998807907104,%,52.63161198946068,%,4.695655738671187,l/h,14.284576061682639,g/s,11.03479098587729,kg/h,,,,,,,,,,,tertiary,,,,,,,,,,,,
57efd723e4b01fb1bfc685a2,17.034586037821008,575029fde4b09078f9862e29,2015,1000,gasoline,seat,mii,13,51.206355601606646,6.360312559936043,2016-10-01T07:40:50Z,"Winkelner Straße, Hehn, Kühlenhof, Mönchengladbach, Regierungsbezirk Düsseldorf, Nordrhein-Westfalen, 41169, Deutschland",148727545,15.067102640867233,%,73.72697588801384,km/h,2270.229616999626,u/min,,,,,,,16.0,c,29.05432904884219,kPa,1.0,precision,73.58230091334053,km/h,1.2,precision,0.7,precision,273.0731394610557,deg,116.37441183152384,m,4.0,%,16.50149664992378,%,1.8503521565619576,l/h,5.628925456274521,g/s,4.348327567920601,kg/h,,,,,,,,,,,tertiary,,,,,,,,,,,,
57efd723e4b01fb1bfc685a2,17.034586037821008,575029fde4b09078f9862e29,2015,1000,gasoline,seat,mii,14,51.20640615417045,6.359209711731037,2016-10-01T07:40:55Z,"Winkelner Straße, Hehn, Kühlenhof, Mönchengladbach, Regierungsbezirk Düsseldorf, Nordrhein-Westfalen, 41169, Deutschland",148727545,13.0,%,32.571193009614944,km/h,1048.4266587421298,u/min,,,,,,,17.0,c,35.43999895453453,kPa,1.2667342841625213,precision,33.523891328256695,km/h,1.511156189441681,precision,0.8555780947208405,precision,276.40456644080405,deg,116.26531641266325,m,4.0,%,23.261231720651722,%,1.0387382694725305,l/h,3.1599283772578937,g/s,2.441034933260447,kg/h,,,,,,,,,,,tertiary,,,,,,,,,,,,
57efd723e4b01fb1bfc685a2,17.034586037821008,575029fde4b09078f9862e29,2015,1000,gasoline,seat,mii,15,51.2064267334531,6.358790334701119,2016-10-01T07:41:00Z,"Winkelner Straße, Hehn, Kühlenhof, Mönchengladbach, Regierungsbezirk Düsseldorf, Nordrhein-Westfalen, 41169, Deutschland",148727545,20.869067572057247,%,15.297836482524872,km/h,1231.3057847619057,u/min,,,,,,,17.130362778902054,c,80.27987149357796,kPa,1.0999999672174454,precision,15.264384699719216,km/h,1.3999999582767486,precision,0.7999999761581421,precision,269.45970786870475,deg,116.27641580194808,m,3.9999998807907104,%,66.59337896643552,%,2.762179404281782,l/h,8.402779929442204,g/s,6.491121600062188,kg/h,,,,,,,,,,,tertiary,,,,,,,,,,,,
57efd723e4b01fb1bfc685a2,17.034586037821008,575029fde4b09078f9862e29,2015,1000,gasoline,seat,mii,16,51.20642220167831,6.358355586092401,2016-10-01T07:41:05Z,"Winkelner Straße, Hehn, Kühlenhof, Mönchengladbach, Regierungsbezirk Düsseldorf, Nordrhein-Westfalen, 41169, Deutschland",148727545,30.197986125946045,%,32.40253567695618,km/h,2452.866803854704,u/min,,,,,,,17.0,c,88.34865161776543,kPa,1.0,precision,30.746962050626962,km/h,1.3,precision,0.8,precision,273.0052402667061,deg,116.36250294449349,m,4.0,%,67.28104449981677,%,6.058265022257747,l/h,18.429747053126587,g/s,14.236922802305706,kg/h,,,,,,,,,,,tertiary,,,,,,,,,,,,
57efd723e4b01fb1bfc685a2,17.034586037821008,575029fde4b09078f9862e29,2015,1000,gasoline,seat,mii,17,51.206447343200374,6.357587019285397,2016-10-01T07:41:10Z,"Winkelner Straße, Hehn, Kühlenhof, Mönchengladbach, Regierungsbezirk Düsseldorf, Nordrhein-Westfalen, 41169, Deutschland",148727545,38.17744717001915,%,45.39635157585144,km/h,2214.780300050974,u/min,,,,,,,17.00000050663948,c,97.00000162608922,kPa,1.0483516782522202,precision,44.09894120423155,km/h,1.3483516871929169,precision,0.7516483753919602,precision,273.196666919579,deg,116.4462827742044,m,4.0,%,72.01461553252352,%,6.0058816408768925,l/h,18.270392441684248,g/s,14.113821856060698,kg/h,,,,,,,,,,,tertiary,,,,,,,,,,,,
57efd723e4b01fb1bfc685a2,17.034586037821008,575029fde4b09078f9862e29,2015,1000,gasoline,seat,mii,18,51.206483121969256,6.356566805544718,2016-10-01T07:41:15Z,"Winkelner Straße, Hehn, Kühlenhof, Mönchengladbach, Regierungsbezirk Düsseldorf, Nordrhein-Westfalen, 41169, Deutschland",148727545,38.00000113248825,%,59.1303588822484,km/h,2909.3424224704504,u/min,,,,,,,17.0,c,92.59965652227402,kPa,1.0507936835289002,precision,58.36022835017684,km/h,1.3000000387430193,precision,0.7492063701152801,precision,273.11976072898324,deg,117.08638514676538,m,4.0,%,78.31732750702213,%,7.531449908164057,l/h,22.91129824146074,g/s,17.698907284185534,kg/h,,,,,,,,,,,tertiary,,,,,,,,,,,,
57efd723e4b01fb1bfc685a2,17.034586037821008,575029fde4b09078f9862e29,2015,1000,gasoline,seat,mii,19,51.20652348521328,6.355341684231842,2016-10-01T07:41:20Z,"Winkelner Straße, Hehn, Kühlenhof, Mönchengladbach, Regierungsbezirk Düsseldorf, Nordrhein-Westfalen, 41169, Deutschland",148727545,27.999999960884452,%,65.34923338890076,km/h,2411.9591839909554,u/min,,,,,,,16.99999974668026,c,85.99999743700027,kPa,1.0505144357681275,precision,64.24389014369808,km/h,1.3000000387430193,precision,0.800000023841858,precision,273.0077893581438,deg,117.1533500154074,m,3.9999998807907104,%,65.16030515942805,%,5.798861944165833,l/h,17.64062127264781,g/s,13.627325568789708,kg/h,,,,,,,,,,,tertiary,,,,,,,,,,,,
57efd723e4b01fb1bfc685a2,17.034586037821008,575029fde4b09078f9862e29,2015,1000,gasoline,seat,mii,20,51.206548846577064,6.354002325428834,2016-10-01T07:41:25Z,"Winkelner Straße, Hehn, Kühlenhof, Mönchengladbach, Regierungsbezirk Düsseldorf, Nordrhein-Westfalen, 41169, Deutschland",148727545,28.99999913573265,%,70.66666877269745,km/h,2613.259960964322,u/min,,,,,,,16.99999949336052,c,86.0000002803281,kPa,1.0,precision,69.61823097625415,km/h,1.3,precision,0.8,precision,271.09833645302115,deg,117.24146363914542,m,3.9999998807907104,%,64.18345194734502,%,6.282831961950034,l/h,19.112898397582168,g/s,14.76465511058258,kg/h,,,,,,,,,,,tertiary,,,,,,,,,,,,
57efd723e4b01fb1bfc685a2,17.034586037821008,575029fde4b09078f9862e29,2015,1000,gasoline,seat,mii,21,51.20656205668634,6.352612924984936,2016-10-01T07:41:30Z,"Winkelner Straße, Hehn, Kühlenhof, Mönchengladbach, Regierungsbezirk Düsseldorf, Nordrhein-Westfalen, 41169, Deutschland",148727545,13.000000387430191,%,61.84874042868614,km/h,2344.555547355907,u/min,,,,,,,16.99999949336052,c,19.835871398448944,kPa,1.1984127312898636,precision,62.488430757452306,km/h,1.4984127402305603,precision,0.8492063730955124,precision,269.4411116289921,deg,117.51340951658698,m,4.0,%,10.588235216982213,%,1.3001282283463338,l/h,3.955098414648576,g/s,3.0553013366138844,kg/h,,,,,,,,,,,tertiary,,,,,,,,,,,,
57efd723e4b01fb1bfc685a2,17.034586037821008,575029fde4b09078f9862e29,2015,1000,gasoline,seat,mii,22,51.206539222112504,6.351680707716815,2016-10-01T07:41:35Z,"Winkelner Straße, Hehn, Kühlenhof, Mönchengladbach, Regierungsbezirk Düsseldorf, Nordrhein-Westfalen, 41169, Deutschland",148727545,17.487684726715088,%,37.000000551342964,km/h,1415.1583124101162,u/min,,,,,,,16.99999974668026,c,51.96574229001999,kPa,1.196303662657738,precision,37.511957384798734,km/h,1.496303653717041,precision,0.8999999731779098,precision,265.0147001273035,deg,118.02137787320751,m,4.0,%,36.7431686706077,%,2.055874211251282,l/h,6.254140673477337,g/s,4.831304396440513,kg/h,,,,,,,,,,,tertiary,,,,,,,,,,,,
57efd723e4b01fb1bfc685a2,17.034586037821008,575029fde4b09078f9862e29,2015,1000,gasoline,seat,mii,23,51.20648610255134,6.350882901116839,2016-10-01T07:41:40Z,"Winkelner Straße, Hehn, Kühlenhof, Mönchengladbach, Regierungsbezirk Düsseldorf, Nordrhein-Westfalen, 41169, Deutschland",148727545,80.97524522431195,%,46.67114233970642,km/h,2297.659464776516,u/min,,,,,,,18.0,c,98.0,kPa,1.0000000298023224,precision,46.663234271623764,km/h,1.2497507840394975,precision,0.800000023841858,precision,265.0542014149196,deg,118.41144293577887,m,3.9999998807907104,%,78.76015412625668,%,6.2732398872048005,l/h,19.0837185068676,g/s,14.742113734931282,kg/h,,,,,,,,,,,tertiary,,,,,,,,,,,,
57efd723e4b01fb1bfc685a2,17.034586037821008,575029fde4b09078f9862e29,2015,1000,gasoline,seat,mii,24,51.20643355619539,6.349813921561361,2016-10-01T07:41:45Z,"Winkelner Straße, Hehn, Kühlenhof, Mönchengladbach, Regierungsbezirk Düsseldorf, Nordrhein-Westfalen, 41169, Deutschland",148727545,39.535594403743744,%,62.14044180512428,km/h,3034.4202491641045,u/min,,,,,,,17.0,c,94.00000070035458,kPa,1.0000000298023224,precision,61.58930625671269,km/h,1.2000000357627867,precision,0.800000023841858,precision,265.29857896745307,deg,118.85582968782981,m,4.0,%,80.8798797513561,%,7.974031761494666,l/h,24.25766912111356,g/s,18.738974639512463,kg/h,,,,,,,,,,,tertiary,,,,,,,,,,,,
57efd723e4b01fb1bfc685a2,17.034586037821008,575029fde4b09078f9862e29,2015,1000,gasoline,seat,mii,25,51.20638880198888,6.34866665019579,2016-10-01T07:41:50Z,"Winkelner Straße, Hehn, Kühlenhof, Mönchengladbach, Regierungsbezirk Düsseldorf, Nordrhein-Westfalen, 41169, Deutschland",148727545,13.000000387430191,%,43.15650677680969,km/h,1889.3935511112213,u/min,,,,,,,16.99999974668026,c,19.0,kPa,1.0496007978916169,precision,43.673064733613614,km/h,1.3,precision,0.8,precision,268.0972581116657,deg,119.30197116235757,m,4.0000001192092896,%,10.402170174589429,%,1.0035763228190204,l/h,3.052962805375695,g/s,2.358404358624698,kg/h,,,,,,,,,,,tertiary,,,,,,,,,,,,
57efd723e4b01fb1bfc685a2,17.034586037821008,575029fde4b09078f9862e29,2015,1000,gasoline,seat,mii,26,51.20637991619536,6.348170635387408,2016-10-01T07:41:55Z,"Winkelner Straße, Hehn, Kühlenhof, Mönchengladbach, Regierungsbezirk Düsseldorf, Nordrhein-Westfalen, 41169, Deutschland",148727545,13.000000387430191,%,11.754152551293373,km/h,922.0574987828732,u/min,,,,,,,18.000000469386578,c,36.53884297609329,kPa,1.1,precision,12.269400446967325,km/h,1.3,precision,0.8,precision,264.2142067267923,deg,119.45160157167386,m,4.0,%,24.207003049864625,%,0.9386268028123264,l/h,2.855380953055331,g/s,2.205772986608967,kg/h,,,,,,,,,,,tertiary,,,,,,,,,,,,
57efd723e4b01fb1bfc685a2,17.034586037821008,575029fde4b09078f9862e29,2015,1000,gasoline,seat,mii,27,51.206378381908586,6.348146539908889,2016-10-01T07:42:00Z,"Winkelner Straße, Hehn, Kühlenhof, Mönchengladbach, Regierungsbezirk Düsseldorf, Nordrhein-Westfalen, 41169, Deutschland",148727545,11.999999821186066,%,1.0000000298023224,km/h,820.1378953158855,u/min,,,,,,,18.0,c,37.000000551342964,kPa,1.3,precision,0.0,km/h,1.5,precision,0.8,precision,261.63623046875,deg,119.4798564078549,m,4.0,%,24.68461305563256,%,0.8454126985918455,l/h,2.57181588017461,g/s,1.9867198416908372,kg/h,,,,,,,,,,,tertiary,,,,,,,,,,,,
57efd723e4b01fb1bfc685a2,17.034586037821008,575029fde4b09078f9862e29,2015,1000,gasoline,seat,mii,28,51.206361093392914,6.348077315656072,2016-10-01T07:42:05Z,"Winkelner Straße, Hehn, Kühlenhof, Mönchengladbach, Regierungsbezirk Düsseldorf, Nordrhein-Westfalen, 41169, Deutschland",148727545,11.999999642372131,%,4.0,km/h,800.5792868882418,u/min,,,,,,,18.000000536441803,c,37.22580534219742,kPa,1.0492000311613083,precision,0.0,km/h,1.349200040102005,precision,0.7492000222206116,precision,261.6362226713827,deg,119.54275594637204,m,3.9999998807907104,%,24.705882289830356,%,0.8302877067124259,l/h,2.5258043944614252,g/s,1.951176110774201,kg/h,,,,,,,,,,,tertiary,,,,,,,,,,,,
57efd723e4b01fb1bfc685a2,17.034586037821008,575029fde4b09078f9862e29,2015,1000,gasoline,seat,mii,29,51.20629048318588,6.347925029040578,2016-10-01T07:42:10Z,"Winkelner Straße, Hehn, Hardt, Mönchengladbach, Regierungsbezirk Düsseldorf, Nordrhein-Westfalen, 41169, Deutschland",148736732,28.58266430348158,%,18.771703630685806,km/h,2652.8592271208763,u/min,,,,,,,18.000000402331352,c,81.57877814769745,kPa,1.0,precision,18.211238208699342,km/h,1.3,precision,0.8,precision,206.96213317670845,deg,119.74751542589514,m,4.0,%,63.09438131122522,%,6.029364751409763,l/h,18.341830020851116,g/s,14.169007165812944,kg/h,,,,,,,,,,,residential,,,,,,,,,,,,
57efd723e4b01fb1bfc685a2,17.034586037821008,575029fde4b09078f9862e29,2015,1000,gasoline,seat,mii,30,51.205937447009426,6.347848816051672,2016-10-01T07:42:15Z,"L 39, Hehn, Hardt, Mönchengladbach, Regierungsbezirk Düsseldorf, Nordrhein-Westfalen, 41169, Deutschland",148294974,18.8300002515316,%,40.0,km/h,3003.113522529602,u/min,,,,,,,18.0,c,37.03020167350769,kPa,1.1493000328540801,precision,39.192015434132145,km/h,1.3986000388860704,precision,0.8493000239133834,precision,185.59923014341257,deg,120.04332331285956,m,2.0,%,28.47531056318121,%,3.098189543316182,l/h,9.424950773229769,g/s,7.280745426793028,kg/h,,,,,,,,,,,secondary,,,,,,,,,,,,
57efd723e4b01fb1bfc685a2,17.034586037821008,575029fde4b09078f9862e29,2015,1000,gasoline,seat,mii,31,51.20537734719073,6.347730381847679,2016-10-01T07:42:20Z,"L 39, Hehn, Hardt, Mönchengladbach, Regierungsbezirk Düsseldorf, Nordrhein-Westfalen, 41169, Deutschland",148294974,50.46403959393501,%,53.593102633953094,km/h,2626.8143591471016,u/min,,,,,,,18.000000536441803,c,97.00000144541264,kPa,1.0999999672174454,precision,52.03245167706882,km/h,1.3999999582767486,precision,0.7999999761581421,precision,188.71562055116328,deg,120.18163280207406,m,3.000000089406967,%,78.93982747682776,%,7.098740141398053,l/h,21.594959071811328,g/s,16.682039332285424,kg/h,,,,,,,,,,,secondary,,,,,,,,,,,,
57efd723e4b01fb1bfc685a2,17.034586037821008,575029fde4b09078f9862e29,2015,1000,gasoline,seat,mii,32,51.20467095142526,6.347470959245646,2016-10-01T07:42:25Z,"L 39, Hehn, Hardt, Mönchengladbach, Regierungsbezirk Düsseldorf, Nordrhein-Westfalen, 41169, Deutschland",148294974,27.67886772751808,%,62.999998239800334,km/h,2310.4000002145767,u/min,,,,,,,18.000000536441803,c,86.0,kPa,1.2494461238384247,precision,61.913600507540195,km/h,1.5494461238384247,precision,0.9494461238384246,precision,196.4358729133055,deg,120.28129614873137,m,3.0,%,65.29867695870598,%,5.535613800237534,l/h,16.839798481472595,g/s,13.008692430558204,kg/h,,,,,,,,,,,secondary,,,,,,,,,,,,
57efd723e4b01fb1bfc685a2,17.034586037821008,575029fde4b09078f9862e29,2015,1000,gasoline,seat,mii,33,51.203918767831496,6.347019181271685,2016-10-01T07:42:30Z,"L 39, Hehn, Hardt, Mönchengladbach, Regierungsbezirk Düsseldorf, Nordrhein-Westfalen, 41169, Deutschland",148294974,18.56363607943058,%,65.99999901652336,km/h,2079.490817606449,u/min,,,,,,,18.0000002682209,c,42.56260561943054,kPa,1.0999999672174456,precision,65.13157717366084,km/h,1.3999999582767484,precision,0.7999999761581422,precision,203.98809326836272,deg,120.26485748677766,m,3.0,%,31.929685405476903,%,2.465842709771884,l/h,7.501299010018551,g/s,5.794730367963927,kg/h,,,,,,,,,,,secondary,,,,,,,,,,,,
57efd723e4b01fb1bfc685a2,17.034586037821008,575029fde4b09078f9862e29,2015,1000,gasoline,seat,mii,34,51.203222722917545,6.346429671976711,2016-10-01T07:42:35Z,"L 39, Hehn, Hardt, Mönchengladbach, Regierungsbezirk Düsseldorf, Nordrhein-Westfalen, 41169, Deutschland",148294974,12.000000357627869,%,58.713804721832275,km/h,1821.761877372861,u/min,,,,,,,17.999999463558197,c,17.028052773326635,kPa,1.1,precision,59.25970434494957,km/h,1.4,precision,0.8,precision,211.29066398080795,deg,120.16794069247754,m,3.0,%,9.692821841464138,%,0.8642447597601802,l/h,2.6291045795871146,g/s,2.0309751854364237,kg/h,,,,,,,,,,,secondary,,,,,,,,,,,,
57efd723e4b01fb1bfc685a2,17.034586037821008,575029fde4b09078f9862e29,2015,1000,gasoline,seat,mii,35,51.2027686740304,6.345978069631139,2016-10-01T07:42:40Z,"L 39, Hehn, Hardt, Mönchengladbach, Regierungsbezirk Düsseldorf, Nordrhein-Westfalen, 41169, Deutschland",148249503,13.0,%,23.311037123203278,km/h,938.970028012991,u/min,,,,,,,17.999999748542905,c,37.50417363643646,kPa,1.2489711940288544,precision,24.177596769702063,km/h,1.4979423880577087,precision,0.8979423880577088,precision,213.4533911356566,deg,120.0463471457168,m,3.0,%,25.098039627075195,%,0.981095961058016,l/h,2.98457567153524,g/s,2.3055755084863376,kg/h,,,,,,,,,,,secondary,,,,,yes,,,,,,,
57efd723e4b01fb1bfc685a2,17.034586037821008,575029fde4b09078f9862e29,2015,1000,gasoline,seat,mii,36,51.202684361709856,6.345889619791435,2016-10-01T07:42:45Z,"L 39, Hehn, Hardt, Mönchengladbach, Regierungsbezirk Düsseldorf, Nordrhein-Westfalen, 41169, Deutschland",148294977,12.0,%,0.0,km/h,826.1102218925953,u/min,,,,,,,19.000000566244125,c,36.922568917274475,kPa,1.2000000357627867,precision,0.0,km/h,1.6000000476837157,precision,0.9000000268220902,precision,215.15895080566406,deg,120.0342388268602,m,1.5,%,24.740180918292964,%,0.8468782235867713,l/h,2.5762741293362574,g/s,1.9901638254289127,kg/h,,,,,,,,,,,secondary,,,,,,,,,,,,
57efd723e4b01fb1bfc685a2,17.034586037821008,575029fde4b09078f9862e29,2015,1000,gasoline,seat,mii,37,51.20268283575095,6.345889430669186,2016-10-01T07:42:50Z,"L 39, Hehn, Hardt, Mönchengladbach, Regierungsbezirk Düsseldorf, Nordrhein-Westfalen, 41169, Deutschland",148294977,12.763033151626587,%,0.0,km/h,72.61306643486023,u/min,,,,,,,19.0,c,80.5217367708683,kPa,1.2,precision,0.0,km/h,1.6,precision,0.9,precision,215.15894439342765,deg,120.03492513128194,m,1.4999999552965164,%,0.0,%,0.16233754416262855,l/h,0.4938443374713962,g/s,0.3814932287821771,kg/h,,,,,,,,,,,secondary,,,,,,,,,,,,
57efd723e4b01fb1bfc685a2,17.034586037821008,575029fde4b09078f9862e29,2015,1000,gasoline,seat,mii,38,51.202685887668764,6.345889808913683,2016-10-01T07:42:55Z,"L 39, Hehn, Hardt, Mönchengladbach, Regierungsbezirk Düsseldorf, Nordrhein-Westfalen, 41169, Deutschland",148249503,19.0,%,0.0,km/h,0.0,u/min,,,,,,,19.999999403953552,c,99.0,kPa,1.2,precision,0.0,km/h,1.6,precision,0.9,precision,215.15895721790048,deg,120.0377443729201,m,2.0000000596046448,%,0.0,%,0.0,l/h,0.0,g/s,0.0,kg/h,,,,,,,,,,,secondary,,,,,yes,,,,,,,
57efd723e4b01fb1bfc685a2,17.034586037821008,575029fde4b09078f9862e29,2015,1000,gasoline,seat,mii,39,51.202684361709856,6.345889619791435,2016-10-01T07:43:00Z,"L 39, Hehn, Hardt, Mönchengladbach, Regierungsbezirk Düsseldorf, Nordrhein-Westfalen, 41169, Deutschland",148294977,18.999999716877937,%,0.0,km/h,0.0,u/min,,,,,,,19.999999403953552,c,98.99999704957008,kPa,1.3975559711456298,precision,0.0,km/h,1.697555962204933,precision,0.9987779766321183,precision,215.15895080566406,deg,120.04307885792853,m,2.0,%,0.0,%,0.0,l/h,0.0,g/s,0.0,kg/h,,,,,,,,,,,secondary,,,,,,,,,,,,
57efd723e4b01fb1bfc685a2,17.034586037821008,575029fde4b09078f9862e29,2015,1000,gasoline,seat,mii,40,51.202685887668764,6.345889808913683,2016-10-01T07:43:05Z,"L 39, Hehn, Hardt, Mönchengladbach, Regierungsbezirk Düsseldorf, Nordrhein-Westfalen, 41169, Deutschland",148249503,19.0,%,0.0,km/h,0.0,u/min,,,,,,,20.000000596046448,c,99.0,kPa,1.2598820090293885,precision,0.0,km/h,1.5598820090293883,precision,0.9065880060195923,precision,215.15895721790048,deg,120.04826971981535,m,2.0000000596046448,%,0.0,%,0.0,l/h,0.0,g/s,0.0,kg/h,,,,,,,,,,,secondary,,,,,yes,,,,,,,
57efd723e4b01fb1bfc685a2,17.034586037821008,575029fde4b09078f9862e29,2015,1000,gasoline,seat,mii,41,51.202684361709856,6.345889619791435,2016-10-01T07:43:10Z,"L 39, Hehn, Hardt, Mönchengladbach, Regierungsbezirk Düsseldorf, Nordrhein-Westfalen, 41169, Deutschland",148294977,18.999999716877937,%,0.0,km/h,0.0,u/min,,,,,,,19.999999776482582,c,98.99999704957008,kPa,1.3,precision,0.0,km/h,1.7,precision,1.0,precision,215.15895080566406,deg,120.0523533371115,m,2.0,%,0.0,%,0.0,l/h,0.0,g/s,0.0,kg/h,,,,,,,,,,,secondary,,,,,,,,,,,,
57efd723e4b01fb1bfc685a2,17.034586037821008,575029fde4b09078f9862e29,2015,1000,gasoline,seat,mii,42,51.20268283575095,6.345889430669186,2016-10-01T07:43:15Z,"L 39, Hehn, Hardt, Mönchengladbach, Regierungsbezirk Düsseldorf, Nordrhein-Westfalen, 41169, Deutschland",148294977,14.402640670537949,%,0.0,km/h,1072.1847674399614,u/min,,,,,,,19.487395524978638,c,70.87200152408332,kPa,1.24853515625,precision,0.0,km/h,1.5970703125,precision,0.94853515625,precision,215.15894439342765,deg,120.05522109847765,m,2.999999910593033,%,55.156861580051554,%,2.1062574745291,l/h,6.407410758973732,g/s,4.949705065143385,kg/h,,,,,,,,,,,secondary,,,,,,,,,,,,
57efd723e4b01fb1bfc685a2,17.034586037821008,575029fde4b09078f9862e29,2015,1000,gasoline,seat,mii,43,51.20256087224673,6.345750815098851,2016-10-01T07:43:20Z,"Vorster Straße, Hehn, Hardt, Mönchengladbach, Regierungsbezirk Düsseldorf, Nordrhein-Westfalen, 41169, Deutschland",209194347,26.989830493927002,%,22.084192112088203,km/h,1684.2441228479147,u/min,,,,,,,19.0,c,88.31313133239746,kPa,1.1,precision,21.410257588072454,km/h,1.3,precision,0.8,precision,215.23772383053438,deg,120.22421470907817,m,2.0,%,71.99445741059503,%,4.12972740047237,l/h,12.562974896186988,g/s,9.70485939111007,kg/h,,,,,,,,,,,secondary,,,,,,,,,,,,
57efd723e4b01fb1bfc685a2,17.034586037821008,575029fde4b09078f9862e29,2015,1000,gasoline,seat,mii,44,51.20223816975481,6.3453664621346535,2016-10-01T07:43:25Z,"Hardter Landstraße, Hehn, Hardt, Mönchengladbach, Regierungsbezirk Düsseldorf, Nordrhein-Westfalen, 41169, Deutschland",209194345,40.01015191152692,%,44.006679117679596,km/h,3311.864999651909,u/min,,,,,,,19.0,c,94.0000028014183,kPa,1.1,precision,42.2154970971045,km/h,1.3,precision,0.8,precision,218.79350853738333,deg,120.37314987821728,m,2.999999910593033,%,81.04487985625906,%,8.643538142430188,l/h,26.294363324117832,g/s,20.312314634710944,kg/h,,,,,,,,,,,secondary,,,yes,,,,,,,,,
57efd723e4b01fb1bfc685a2,17.034586037821008,575029fde4b09078f9862e29,2015,1000,gasoline,seat,mii,45,51.20175635245707,6.344738718161183,2016-10-01T07:43:30Z,"Hardter Landstraße, Hehn, Hardt, Mönchengladbach, Regierungsbezirk Düsseldorf, Nordrhein-Westfalen, 41169, Deutschland",209194345,34.87145137786865,%,55.468436896800995,km/h,2702.87885761261,u/min,,,,,,,19.0,c,92.99999722838402,kPa,1.1009920299053193,precision,54.10701166995386,km/h,1.4009920209646225,precision,0.8504960060119628,precision,221.92226376333474,deg,120.49104843301893,m,3.0,%,70.57492786059504,%,6.979118583143997,l/h,21.2310603231393,g/s,16.400928670388392,kg/h,,,,,,,,,,,secondary,,,yes,,,,,,,,,
57efd723e4b01fb1bfc685a2,17.034586037821008,575029fde4b09078f9862e29,2015,1000,gasoline,seat,mii,46,51.20127545322413,6.343882220000425,2016-10-01T07:43:35Z,"Hardter Landstraße, Hehn, Hardt, Mönchengladbach, Regierungsbezirk Düsseldorf, Nordrhein-Westfalen, 41169, Deutschland",209194345,27.000000804662704,%,60.895188093185425,km/h,2244.514933384955,u/min,,,,,,,19.000000566244125,c,85.23038271069527,kPa,1.200000035762787,precision,60.19854266534003,km/h,1.5000000447034836,precision,0.9000000268220901,precision,232.95937676126596,deg,120.729728189462,m,3.0,%,65.25319893814594,%,5.311387629205906,l/h,16.15768378368013,g/s,12.481760928633879,kg/h,,,,,,,,,,,secondary,,,yes,,,,,,,,,
57efd723e4b01fb1bfc685a2,17.034586037821008,575029fde4b09078f9862e29,2015,1000,gasoline,seat,mii,47,51.20082935643987,6.342820520560954,2016-10-01T07:43:40Z,"Hardter Landstraße, Hehn, Hardt, Mönchengladbach, Regierungsbezirk Düsseldorf, Nordrhein-Westfalen, 41169, Deutschland",148748192,28.0,%,68.25833332538605,km/h,2511.8604650497437,u/min,,,,,,,18.99999985843897,c,85.0000025331974,kPa,1.1,precision,67.6375573137866,km/h,1.4,precision,0.9,precision,236.96660985857898,deg,120.09240994097925,m,2.999999910593033,%,64.0138808131552,%,5.927963352744765,l/h,18.033358515995637,g/s,13.930713878950199,kg/h,,,,,,,,,,,secondary,,,,,,,,,,,,
57efd723e4b01fb1bfc685a2,17.034586037821008,575029fde4b09078f9862e29,2015,1000,gasoline,seat,mii,48,51.20034088892602,6.3416543348036,2016-10-01T07:43:45Z,"Hardter Landstraße, Hehn, Hardt, Mönchengladbach, Regierungsbezirk Düsseldorf, Nordrhein-Westfalen, 41169, Deutschland",148748192,19.69485902786255,%,73.00000217556953,km/h,2715.592024296522,u/min,,,,,,,18.999999433755875,c,54.57024630904198,kPa,1.149549549818039,precision,73.12875414402356,km/h,1.4495495498180389,precision,0.849549549818039,precision,233.6090470154286,deg,119.37503675033167,m,2.999999910593033,%,36.506708056718814,%,4.114447263021448,l/h,12.516491444716497,g/s,9.668951068100403,kg/h,,,,,,,,,,,secondary,,,,,,,,,,,,
57efd723e4b01fb1bfc685a2,17.034586037821008,575029fde4b09078f9862e29,2015,1000,gasoline,seat,mii,49,51.199707741495054,6.34063961883728,2016-10-01T07:43:50Z,"Hardter Landstraße, Hehn, Hardt, Mönchengladbach, Regierungsbezirk Düsseldorf, Nordrhein-Westfalen, 41169, Deutschland",230723847,18.0,%,71.11093038320541,km/h,2197.3264978677034,u/min,,,,,,,19.0,c,43.22410994768143,kPa,1.3,precision,70.5586276813251,km/h,1.5542887032032013,precision,0.8542887032032014,precision,215.2693606853195,deg,118.71664268462257,m,3.000000089406967,%,28.627450942993164,%,2.6370096129366045,l/h,8.022002993354228,g/s,6.196972590401021,kg/h,,,,,,,,,,,secondary,,,,,,,,,,,,
57efd723e4b01fb1bfc685a2,17.034586037821008,575029fde4b09078f9862e29,2015,1000,gasoline,seat,mii,50,51.19891464182133,6.3400879145237425,2016-10-01T07:43:55Z,"Hardter Landstraße, Hehn, Hardter Wald, Mönchengladbach, Regierungsbezirk Düsseldorf, Nordrhein-Westfalen, 41169, Deutschland",230723848,18.999999433755875,%,69.76959791779518,km/h,2139.4699524641037,u/min,,,,,,,19.07496041059494,c,50.101305693387985,kPa,1.1549796760082245,precision,67.92275810245974,km/h,1.4549796760082243,precision,0.8549796760082246,precision,194.67953428543842,deg,118.29896291210196,m,3.0,%,34.29286505184325,%,2.9753282007556576,l/h,9.05119633071544,g/s,6.992021271775796,kg/h,,,,,,,,,,,secondary,,,,,,,,,,,,
57efd723e4b01fb1bfc685a2,17.034586037821008,575029fde4b09078f9862e29,2015,1000,gasoline,seat,mii,51,51.19807990451521,6.3399939371267156,2016-10-01T07:44:00Z,"Hardter Landstraße, Hehn, Hardter Wald, Mönchengladbach, Regierungsbezirk Düsseldorf, Nordrhein-Westfalen, 41169, Deutschland",148748193,20.99999937415123,%,69.0,km/h,2102.9440354704857,u/min,,,,,,,20.0,c,64.7789134979248,kPa,1.3032705664634703,precision,67.83201962504859,km/h,1.5549058496952055,precision,0.8516352832317353,precision,179.99452342852737,deg,118.36765215308884,m,3.000000089406967,%,46.640921200672295,%,3.769367030869544,l/h,11.466728621824391,g/s,8.85801252254343,kg/h,,,,,,,,,,,secondary,,,,,,,,,,,,
57efd723e4b01fb1bfc685a2,17.034586037821008,575029fde4b09078f9862e29,2015,1000,gasoline,seat,mii,52,51.19723381493063,6.340052432092357,2016-10-01T07:44:05Z,"Hardter Landstraße, Hehn, Hardter Wald, Mönchengladbach, Regierungsbezirk Düsseldorf, Nordrhein-Westfalen, 41169, Deutschland",148748193,21.00000062584877,%,68.0,km/h,2101.9582351371646,u/min,,,,,,,20.000000596046448,c,65.0,kPa,1.0999999672174456,precision,67.66676283331981,km/h,1.3482791185379028,precision,0.7999999761581422,precision,178.8041336271226,deg,118.35119717415469,m,2.999999910593033,%,46.90454340702968,%,3.780458641606834,l/h,11.500470225988122,g/s,8.88407780777606,kg/h,,,,,,,,,,,secondary,,,,,,,,,,,,
57efd723e4b01fb1bfc685a2,17.034586037821008,575029fde4b09078f9862e29,2015,1000,gasoline,seat,mii,53,51.19636457803042,6.340077031932571,2016-10-01T07:44:10Z,"Hardter Landstraße, Hehn, Hardter Wald, Mönchengladbach, Regierungsbezirk Düsseldorf, Nordrhein-Westfalen, 41169, Deutschland",280271497,44.961537286639214,%,72.31010237336159,km/h,2224.669564962387,u/min,,,,,,,19.999999701976776,c,97.0,kPa,1.4920000433921814,precision,71.96657790818153,km/h,1.792000052332878,precision,1.0460000306367876,precision,179.47835800600706,deg,117.64001568310353,m,3.9999998807907104,%,74.90196339639965,%,5.970961913692829,l/h,18.164163721613058,g/s,14.031760497178148,kg/h,,,,,,,,,,,secondary,,,,,,,,,,,,
57efd723e4b01fb1bfc685a2,17.034586037821008,575029fde4b09078f9862e29,2015,1000,gasoline,seat,mii,54,51.19544343295305,6.340101361972659,2016-10-01T07:44:15Z,"Hardter Landstraße, Hehn, Hardter Wald, Mönchengladbach, Regierungsbezirk Düsseldorf, Nordrhein-Westfalen, 41169, Deutschland",280271500,46.0,%,77.99999767541885,km/h,2403.229534506798,u/min,,,,,,,20.0,c,97.00000144541264,kPa,1.1000000327825548,precision,76.03140113562608,km/h,1.4000000417232512,precision,0.8558116495609285,precision,179.41779197407186,deg,117.85923675027409,m,4.0000001192092896,%,75.29412303251388,%,6.450212852119411,l/h,19.622085013884924,g/s,15.158000202480617,kg/h,,,,,,,,,,,secondary,,,,,,,,,,,,
57efd723e4b01fb1bfc685a2,17.034586037821008,575029fde4b09078f9862e29,2015,1000,gasoline,seat,mii,55,51.194454513098606,6.340095435310955,2016-10-01T07:44:20Z,"Hardter Landstraße, Hehn, Hardter Wald, Mönchengladbach, Regierungsbezirk Düsseldorf, Nordrhein-Westfalen, 41169, Deutschland",280271500,42.99999871850014,%,84.06218518689275,km/h,2576.235734194517,u/min,,,,,,,20.0,c,96.38988867402077,kPa,1.3255790531635285,precision,83.00316239528775,km/h,1.61581067442894,precision,0.9353474318981172,precision,179.32126827032698,deg,117.84677637097505,m,4.0,%,75.902437093348,%,6.871066178946602,l/h,20.90235590520381,g/s,16.147005520524516,kg/h,,,,,,,,,,,secondary,,,,,,,,,,,,
57efd723e4b01fb1bfc685a2,17.034586037821008,575029fde4b09078f9862e29,2015,1000,gasoline,seat,mii,56,51.19339582011577,6.340079802459544,2016-10-01T07:44:25Z,"Hardter Landstraße, Hehn, Hardter Wald, Mönchengladbach, Regierungsbezirk Düsseldorf, Nordrhein-Westfalen, 41169, Deutschland",280271500,38.08376906812191,%,90.00000268220901,km/h,2756.625082075596,u/min,,,,,,,20.000000298023224,c,94.37217390537262,kPa,1.3541751116514207,precision,87.78699091841872,km/h,1.5999999523162844,precision,0.8999999731779098,precision,179.6271741567848,deg,117.20026469672919,m,3.000000089406967,%,75.37227673575035,%,7.1982796566922955,l/h,21.897766572296018,g/s,16.915957193226895,kg/h,,,,,,,,,,,secondary,,,,,,,,,,,,
57efd723e4b01fb1bfc685a2,17.034586037821008,575029fde4b09078f9862e29,2015,1000,gasoline,seat,mii,57,51.19227096969793,6.340101905195895,2016-10-01T07:44:30Z,"Hardter Landstraße, Hehn, Hardter Wald, Mönchengladbach, Regierungsbezirk Düsseldorf, Nordrhein-Westfalen, 41169, Deutschland",280271500,28.000000417232513,%,94.0000028014183,km/h,2884.797639131546,u/min,,,,,,,19.000000566244125,c,80.0000011920929,kPa,1.2,precision,92.20775419894198,km/h,1.4,precision,0.8,precision,179.67946014455083,deg,117.35600455785006,m,3.0,%,61.554785878641795,%,6.407614970111132,l/h,19.492498706992237,g/s,15.057895179761159,kg/h,,,,,,,,,,,secondary,,,,,,,,,,,,
57efd723e4b01fb1bfc685a2,17.034586037821008,575029fde4b09078f9862e29,2015,1000,gasoline,seat,mii,58,51.19110011144021,6.340138861083415,2016-10-01T07:44:35Z,"Hardter Landstraße, Hehn, Hardter Wald, Mönchengladbach, Regierungsbezirk Düsseldorf, Nordrhein-Westfalen, 41169, Deutschland",280271502,28.0,%,97.00000144541264,km/h,2980.0533376988024,u/min,,,,,,,19.000000566244125,c,77.84062384068966,kPa,1.2000000357627867,precision,95.27351013863517,km/h,1.42981114089489,precision,0.9000000268220901,precision,179.5169576907556,deg,117.75333339622408,m,3.9999998807907104,%,60.92220243897941,%,6.440526997287295,l/h,19.592619836331057,g/s,15.135238443625143,kg/h,,,,,,,,,,,secondary,,,,,,,,,,,,
57efd723e4b01fb1bfc685a2,17.034586037821008,575029fde4b09078f9862e29,2015,1000,gasoline,seat,mii,59,51.189857981818236,6.3401698828164506,2016-10-01T07:44:40Z,"Hardter Landstraße, Hehn, Hardter Wald, Mönchengladbach, Regierungsbezirk Düsseldorf, Nordrhein-Westfalen, 41169, Deutschland",280271503,28.000000834465027,%,98.0000014603138,km/h,3010.0,u/min,,,,,,,18.999999929219484,c,75.9999977350235,kPa,1.475875434279442,precision,96.45075808711726,km/h,1.775875425338745,precision,1.0073929637670518,precision,178.12920177317574,deg,118.80684866158909,m,4.0,%,60.00000178813934,%,6.351424439399371,l/h,19.321562430022837,g/s,14.925847432588522,kg/h,,,,,,,,,,,secondary,,,,,,,,,,,,
57efd723e4b01fb1bfc685a2,17.034586037821008,575029fde4b09078f9862e29,2015,1000,gasoline,seat,mii,60,51.1886608489293,6.340248421776883,2016-10-01T07:44:45Z,"Hardter Landstraße, Hehn, Hardter Wald, Mönchengladbach, Regierungsbezirk Düsseldorf, Nordrhein-Westfalen, 41169, Deutschland",280271503,23.789136618375778,%,98.0,km/h,3005.5891961455345,u/min,,,,,,,19.0,c,71.14355495944619,kPa,1.3513183087110519,precision,97.19783484125674,km/h,1.6026365846395492,precision,0.8513182938098908,precision,172.89544971824762,deg,120.2778837797675,m,4.0,%,52.55966856770442,%,5.936852297721999,l/h,18.060399427361798,g/s,13.951602899646698,kg/h,,,,,,,,,,,secondary,,,,,,,,,,,,
57efd723e4b01fb1bfc685a2,17.034586037821008,575029fde4b09078f9862e29,2015,1000,gasoline,seat,mii,61,51.187509523840944,6.340504997162844,2016-10-01T07:44:50Z,"Hardter Landstraße, Hehn, Hardter Wald, Mönchengladbach, Regierungsbezirk Düsseldorf, Nordrhein-Westfalen, 41169, Deutschland",280271503,14.000000417232513,%,88.05792114511132,km/h,2717.6343764066696,u/min,,,,,,,19.80546075105667,c,19.0,kPa,1.2879187822341918,precision,84.73098818175458,km/h,1.5318781733512878,precision,0.8999999999999999,precision,170.99773765098553,deg,120.4712849111873,m,3.000000089406967,%,9.803921699523926,%,1.4296837536923508,l/h,4.349217119044939,g/s,3.3597568211770246,kg/h,,,,,,,,,,,secondary,,,,,,,,,,,,
57efd723e4b01fb1bfc685a2,17.034586037821008,575029fde4b09078f9862e29,2015,1000,gasoline,seat,mii,62,51.186502074217586,6.340727896554503,2016-10-01T07:44:55Z,"Hardter Landstraße, Hehn, Hardter Wald, Mönchengladbach, Regierungsbezirk Düsseldorf, Nordrhein-Westfalen, 41169, Deutschland",280271503,13.000000096857548,%,72.68977469205856,km/h,2250.966946095228,u/min,,,,,,,20.0,c,19.0,kPa,1.5124616473913193,precision,72.93500103922838,km/h,1.8124616384506225,precision,1.006230816245079,precision,172.74407716431688,deg,121.1192378633701,m,3.9999998807907104,%,9.803921699523926,%,1.183395113327204,l/h,3.5999865510007982,g/s,2.7809785163189296,kg/h,,,,,,,,,,,secondary,,,,,,,,,,,,
57efd723e4b01fb1bfc685a2,17.034586037821008,575029fde4b09078f9862e29,2015,1000,gasoline,seat,mii,63,51.18568077826807,6.340900650852156,2016-10-01T07:45:00Z,"Hardter Landstraße, Hehn, Hardter Wald, Mönchengladbach, Regierungsbezirk Düsseldorf, Nordrhein-Westfalen, 41169, Deutschland",280271503,12.000000357627869,%,62.17833240330219,km/h,1914.281382087618,u/min,,,,,,,20.99999937415123,c,18.0,kPa,1.7,precision,61.47275831762954,km/h,2.0,precision,1.1,precision,172.30737821664843,deg,121.55629461716278,m,4.0,%,10.458857052350567,%,0.9501810837778273,l/h,2.8905300386091315,g/s,2.2329255468778944,kg/h,,,,,,,,,,,secondary,,,,,,,,,,,,
57efd723e4b01fb1bfc685a2,17.034586037821008,575029fde4b09078f9862e29,2015,1000,gasoline,seat,mii,64,51.184982874426424,6.341048934791356,2016-10-01T07:45:05Z,"Hardter Landstraße, Hehn, Hardter Wald, Mönchengladbach, Regierungsbezirk Düsseldorf, Nordrhein-Westfalen, 41169, Deutschland",280271503,15.244367182254791,%,50.76329217106104,km/h,1373.7520809173584,u/min,,,,,,,21.000000156462193,c,23.205526769161224,kPa,1.404938268661499,precision,50.36478236527137,km/h,1.7561728358268738,precision,1.0024691343307495,precision,170.30359515699502,deg,120.87338840178026,m,3.9999998807907104,%,15.72759021515003,%,0.8790789751033757,l/h,2.6742314988457276,g/s,2.065835591492933,kg/h,,,,,,,,,,,secondary,,,,,,,,,,,,
57efd723e4b01fb1bfc685a2,17.034586037821008,575029fde4b09078f9862e29,2015,1000,gasoline,seat,mii,65,51.18441523508558,6.341174077127488,2016-10-01T07:45:10Z,"Hardter Landstraße, Hehn, Hardter Wald, Mönchengladbach, Regierungsbezirk Düsseldorf, Nordrhein-Westfalen, 41169, Deutschland",280271503,12.484949827194214,%,43.42211055755615,km/h,799.558898717165,u/min,,,,,,,21.0,c,35.00000078231096,kPa,1.1459600925445557,precision,42.94977625345541,km/h,1.4999999552965164,precision,0.9999999701976776,precision,171.76869715358998,deg,120.27080003433474,m,3.4332987666130066,%,24.408058965971634,%,0.7716966481241173,l/h,2.3475655116475753,g/s,1.8134871230916758,kg/h,,,,,,,,,,,secondary,,,,,,,,,,,,
57efd723e4b01fb1bfc685a2,17.034586037821008,575029fde4b09078f9862e29,2015,1000,gasoline,seat,mii,66,51.18386688231023,6.341294491339501,2016-10-01T07:45:15Z,"Hardter Landstraße, Hehn, Herdt, Mönchengladbach, Regierungsbezirk Düsseldorf, Nordrhein-Westfalen, 41169, Deutschland",280271498,15.000000447034836,%,45.00000100582838,km/h,2202.387279316783,u/min,,,,,,,21.0,c,28.76666623353958,kPa,1.1,precision,44.47933288764648,km/h,1.5,precision,1.0,precision,172.69283600897415,deg,120.15464551281332,m,3.0,%,17.568627697346244,%,1.7470740906724507,l/h,5.314744973333151,g/s,4.1056241130802595,kg/h,,,,,,,,,,,secondary,,,,,,,,,,,,
57efd723e4b01fb1bfc685a2,17.034586037821008,575029fde4b09078f9862e29,2015,1000,gasoline,seat,mii,67,51.183322723226624,6.341356272863775,2016-10-01T07:45:20Z,"Hardter Straße, Hehn, Herdt, Mönchengladbach, Regierungsbezirk Düsseldorf, Nordrhein-Westfalen, 41179, Deutschland",148748195,20.000000149011612,%,42.99999871850014,km/h,2122.5972065627575,u/min,,,,,,,20.999999687075615,c,60.230899691581726,kPa,1.2,precision,43.10841389168695,km/h,1.5,precision,0.9474111676216126,precision,175.37841698229522,deg,120.43706915450689,m,3.000000089406967,%,42.13227082583228,%,3.5254538826933164,l/h,10.724724498976625,g/s,8.284816624329293,kg/h,,,,,,,,,,,secondary,,,,,,,,,,,,
57efd723e4b01fb1bfc685a2,17.034586037821008,575029fde4b09078f9862e29,2015,1000,gasoline,seat,mii,68,51.1827799757378,6.341453726389032,2016-10-01T07:45:25Z,"Hardter Straße, Hehn, Herdt, Mönchengladbach, Regierungsbezirk Düsseldorf, Nordrhein-Westfalen, 41179, Deutschland",280271506,13.531034469604492,%,41.12186886370182,km/h,2030.427560120821,u/min,,,,,,,21.00000062584877,c,20.828046441078186,kPa,1.5222660064697267,precision,40.92461238212627,km/h,1.8778325080871583,precision,1.1111330032348632,precision,175.6478530233362,deg,120.72975828802197,m,3.0,%,12.357609429740421,%,1.166176095301463,l/h,3.5476048632483255,g/s,2.7405138239584383,kg/h,,,,,,,,,,,secondary,,,,,,,,,,,,
57efd723e4b01fb1bfc685a2,17.034586037821008,575029fde4b09078f9862e29,2015,1000,gasoline,seat,mii,69,51.182269805501555,6.341494144927456,2016-10-01T07:45:30Z,"Queens Avenue, Hehn, Herdt, Mönchengladbach, Regierungsbezirk Düsseldorf, Nordrhein-Westfalen, 41179, Deutschland",42490905,21.038269519805908,%,43.00000128149986,km/h,2107.5940768122673,u/min,,,,,,,21.00000062584877,c,63.120065450668335,kPa,1.1811475098133086,precision,42.62076982772726,km/h,1.5264343857765197,precision,0.9905737429857254,precision,178.7061310924919,deg,120.9669476293317,m,2.999999910593033,%,46.16302074543023,%,3.668449185144218,l/h,11.159728125307474,g/s,8.620855585088913,kg/h,,,,,,,,,,,tertiary,,,,,yes,,,,,,,
57efd723e4b01fb1bfc685a2,17.034586037821008,575029fde4b09078f9862e29,2015,1000,gasoline,seat,mii,70,51.18172316831132,6.341487770704816,2016-10-01T07:45:35Z,"Hardter Straße, Hehn, Herdt, Mönchengladbach, Regierungsbezirk Düsseldorf, Nordrhein-Westfalen, 41179, Deutschland",37879414,17.99999986588955,%,44.43349754810333,km/h,2187.786184191704,u/min,,,,,,,21.0,c,45.99999862909317,kPa,1.1000000327825548,precision,44.38969860387442,km/h,1.300000038743019,precision,0.800000023841858,precision,182.78441954113714,deg,121.00844731045518,m,1.9999999403953552,%,30.980391763588955,%,2.775177673276926,l/h,8.442321746914516,g/s,6.521667532200777,kg/h,,,,,,,,,,,secondary,,,,70,,,,,,,,
57efd723e4b01fb1bfc685a2,17.034586037821008,575029fde4b09078f9862e29,2015,1000,gasoline,seat,mii,71,51.18118338355415,6.341434849964548,2016-10-01T07:45:40Z,"Hardter Straße, Hehn, Herdt, Mönchengladbach, Regierungsbezirk Düsseldorf, Nordrhein-Westfalen, 41179, Deutschland",37879414,13.000000387430191,%,40.190393909811974,km/h,1998.8615422099829,u/min,,,,,,,21.00000062584877,c,18.86941608786583,kPa,1.2554435104131698,precision,40.87463093990141,km/h,1.5554435014724732,precision,0.9036290049552917,precision,182.4175815264698,deg,120.9491548856777,m,2.0,%,10.588234901428223,%,1.040086049405962,l/h,3.164028436130387,g/s,2.444202216104011,kg/h,,,,,,,,,,,secondary,,,,70,,,,,,,,
57efd723e4b01fb1bfc685a2,17.034586037821008,575029fde4b09078f9862e29,2015,1000,gasoline,seat,mii,72,51.180685670739194,6.341390726577515,2016-10-01T07:45:45Z,"Hardter Straße, Hehn, Herdt, Mönchengladbach, Regierungsbezirk Düsseldorf, Nordrhein-Westfalen, 41179, Deutschland",37879414,15.021812081336975,%,40.0,km/h,1977.171487659216,u/min,,,,,,,21.00000062584877,c,30.706281900405884,kPa,1.2999999612569808,precision,40.239592660271455,km/h,1.5999999523162844,precision,0.8999999731779098,precision,181.1840964581561,deg,121.00766295129552,m,3.0,%,20.506646215382318,%,1.6741704394990087,l/h,5.092965991159276,g/s,3.9343005328226703,kg/h,,,,,,,,,,,secondary,,,,70,,,,,,,,
57efd723e4b01fb1bfc685a2,17.034586037821008,575029fde4b09078f9862e29,2015,1000,gasoline,seat,mii,73,51.18018882020688,6.341372973914659,2016-10-01T07:45:50Z,"Hardter Straße, Hehn, Herdt, Mönchengladbach, Regierungsbezirk Düsseldorf, Nordrhein-Westfalen, 41179, Deutschland",37879414,16.99999949336052,%,41.0,km/h,2002.2990353703499,u/min,,,,,,,20.99999937415123,c,42.8946497887373,kPa,1.1457171320915223,precision,40.55111128971134,km/h,1.3457171320915222,precision,0.8,precision,180.17303551536315,deg,120.98533882120287,m,3.0,%,30.172639226023435,%,2.3684278767805793,l/h,7.204954970156254,g/s,5.565805510434362,kg/h,,,,,,,,,,,secondary,,,,70,,,,,,,,
57efd723e4b01fb1bfc685a2,17.034586037821008,575029fde4b09078f9862e29,2015,1000,gasoline,seat,mii,74,51.17966700781507,6.341389738546862,2016-10-01T07:45:55Z,"Hardter Straße, Hehn, Herdt, Mönchengladbach, Regierungsbezirk Düsseldorf, Nordrhein-Westfalen, 41179, Deutschland",37879414,13.000000387430191,%,41.243289202451706,km/h,2025.1028215140104,u/min,,,,,,,20.99999937415123,c,19.91014975309372,kPa,1.092571461200714,precision,41.54731437032842,km/h,1.3462857544422149,precision,0.800000023841858,precision,179.7951798351096,deg,120.90161378902812,m,3.0,%,11.562091420366869,%,1.1118589720829697,l/h,3.3823676479907334,g/s,2.612868584394979,kg/h,,,,,,,,,,,secondary,,,,70,,,,,,,,
57efd723e4b01fb1bfc685a2,17.034586037821008,575029fde4b09078f9862e29,2015,1000,gasoline,seat,mii,75,51.17916752677283,6.341397178358404,2016-10-01T07:46:00Z,"Hardter Straße, Hehn, Herdt, Mönchengladbach, Regierungsbezirk Düsseldorf, Nordrhein-Westfalen, 41179, Deutschland",37879414,18.860543936491013,%,40.195651575922966,km/h,1985.4584859013557,u/min,,,,,,,20.999999647960067,c,54.58643904328346,kPa,1.199999964237213,precision,40.35044428828451,km/h,1.3999999582767486,precision,0.7999999761581421,precision,180.19605941056307,deg,120.87913887564136,m,3.000000089406967,%,40.40883002097371,%,2.988640476238698,l/h,9.091693382091139,g/s,7.02330511916094,kg/h,,,,,,,,,,,secondary,,,,70,,,,,,,,
57efd723e4b01fb1bfc685a2,17.034586037821008,575029fde4b09078f9862e29,2015,1000,gasoline,seat,mii,76,51.17864803230696,6.341399908241465,2016-10-01T07:46:05Z,"Hardter Straße, Hehn, Herdt, Mönchengladbach, Regierungsbezirk Düsseldorf, Nordrhein-Westfalen, 41179, Deutschland",37879414,16.697829723358154,%,42.0,km/h,2088.889999985695,u/min,,,,,,,21.0,c,43.99999885261059,kPa,1.2,precision,42.3032710550342,km/h,1.4,precision,0.8,precision,178.86619754108688,deg,120.85096861655782,m,3.0,%,29.016262788091467,%,2.534523572062347,l/h,7.71023191651133,g/s,5.956130394346515,kg/h,,,,,,,,,,,secondary,,,,70,,,,,,,,
57efd723e4b01fb1bfc685a2,17.034586037821008,575029fde4b09078f9862e29,2015,1000,gasoline,seat,mii,77,51.17814035121315,6.3414039473837605,2016-10-01T07:46:10Z,"Hardter Straße, Hehn, Herdt, Mönchengladbach, Regierungsbezirk Düsseldorf, Nordrhein-Westfalen, 41179, Deutschland",37879414,17.0,%,39.00000072643161,km/h,1904.7697762846947,u/min,,,,,,,20.999999687075615,c,41.81135103106499,kPa,1.2,precision,38.81696482942186,km/h,1.4,precision,0.8,precision,179.42585329943404,deg,120.90804208470307,m,2.0000000596046448,%,28.783005583083707,%,2.196164117379766,l/h,6.6809142587456956,g/s,5.16098567584245,kg/h,,,,,,,,,,,secondary,,,,70,,,,,,,,
57efd723e4b01fb1bfc685a2,17.034586037821008,575029fde4b09078f9862e29,2015,1000,gasoline,seat,mii,78,51.177647349276974,6.341408288485167,2016-10-01T07:46:15Z,"Hardter Straße, Hehn, Herdt, Mönchengladbach, Regierungsbezirk Düsseldorf, Nordrhein-Westfalen, 41179, Deutschland",37879414,15.999999761581421,%,39.0,km/h,1947.4582043290138,u/min,,,,,,,21.00000062584877,c,37.999999433755875,kPa,1.1999999642372132,precision,39.37748391225068,km/h,1.3999999582767484,precision,0.7999999761581422,precision,180.07184096626224,deg,121.08341190208353,m,3.0,%,26.66666652758915,%,2.0407031445209354,l/h,6.207989024228062,g/s,4.795652389624198,kg/h,,,,,,,,,,,secondary,,,,70,,,,,,,,
57efd723e4b01fb1bfc685a2,17.034586037821008,575029fde4b09078f9862e29,2015,1000,gasoline,seat,mii,79,51.1771595735527,6.341398180662391,2016-10-01T07:46:20Z,"Hardter Straße, Hehn, Herdt, Mönchengladbach, Regierungsbezirk Düsseldorf, Nordrhein-Westfalen, 41179, Deutschland",37879414,16.000000476837158,%,39.0,km/h,1939.901131682098,u/min,,,,,,,21.00000062584877,c,39.12941235303879,kPa,1.2429009199142456,precision,39.35979562545435,km/h,1.4858018398284911,precision,0.9,precision,180.5419515219328,deg,121.37148697067548,m,3.0,%,27.407043326306734,%,2.0932014160444314,l/h,6.3676931410584965,g/s,4.919023327704414,kg/h,,,,,,,,,,,secondary,,,,70,,,,,,,,
57efd723e4b01fb1bfc685a2,17.034586037821008,575029fde4b09078f9862e29,2015,1000,gasoline,seat,mii,80,51.176674989917956,6.341416402226221,2016-10-01T07:46:25Z,"Hardter Straße, Hehn, Herdt, Mönchengladbach, Regierungsbezirk Düsseldorf, Nordrhein-Westfalen, 41179, Deutschland",154582834,20.499999716877937,%,41.163880825042725,km/h,2036.1786914765835,u/min,,,,,,,22.0,c,67.51243561506271,kPa,1.1,precision,40.21860963426718,km/h,1.3528992891311646,precision,0.7528992891311646,precision,178.68976628424116,deg,121.64459524022985,m,2.999999910593033,%,49.93464046521899,%,3.7779293169011376,l/h,11.492775809456335,g/s,8.878133894717674,kg/h,,,,,,,,,,,secondary,,,,70,,,,,,,,
57efd723e4b01fb1bfc685a2,17.034586037821008,575029fde4b09078f9862e29,2015,1000,gasoline,seat,mii,81,51.176155213306274,6.341426341578234,2016-10-01T07:46:30Z,"Hardter Straße, Hehn, Herdt, Mönchengladbach, Regierungsbezirk Düsseldorf, Nordrhein-Westfalen, 41179, Deutschland",154582834,16.000000476837158,%,40.99999877810478,km/h,2002.3673471212387,u/min,,,,,,,21.00000062584877,c,31.331377804279327,kPa,1.0448077231645585,precision,40.910336676499355,km/h,1.3000000387430193,precision,0.800000023841858,precision,179.89573276257943,deg,121.49764937015891,m,3.0,%,20.880992815477,%,1.730020884276196,l/h,5.262867698375211,g/s,4.06554907804906,kg/h,,,,,,,,,,,secondary,,,,70,,,,,,,,
57efd723e4b01fb1bfc685a2,17.034586037821008,575029fde4b09078f9862e29,2015,1000,gasoline,seat,mii,82,51.17564400701381,6.34141249879311,2016-10-01T07:46:35Z,"Hardter Straße, Hehn, Herdt, Mönchengladbach, Regierungsbezirk Düsseldorf, Nordrhein-Westfalen, 41179, Deutschland",154582834,21.0,%,45.82373335957527,km/h,2234.2887730635703,u/min,,,,,,,22.0,c,61.97326019406319,kPa,1.0446612209081652,precision,42.37206617075299,km/h,1.3446612298488616,precision,0.800000023841858,precision,179.5685775116831,deg,121.17747740977329,m,3.000000089406967,%,45.31435376106674,%,3.805378065801431,l/h,11.576277191006769,g/s,8.942638454633363,kg/h,,,,,,,,,,,secondary,,,,70,,,,,,,,
57efd723e4b01fb1bfc685a2,17.034586037821008,575029fde4b09078f9862e29,2015,1000,gasoline,seat,mii,83,51.17504540970015,6.3414501274997335,2016-10-01T07:46:40Z,"Hardter Straße, Hehn, Herdt, Mönchengladbach, Regierungsbezirk Düsseldorf, Nordrhein-Westfalen, 41179, Deutschland",154582834,87.99999934434891,%,55.58306023478508,km/h,2727.8392055630684,u/min,,,,,,,21.0,c,98.0,kPa,1.0542542219161988,precision,51.96854185223833,km/h,1.3627627193927765,precision,0.8627627342939377,precision,176.55596037735995,deg,120.82673882593537,m,3.0,%,82.590088445324,%,7.371789768163932,l/h,22.425598790568692,g/s,17.32370595518524,kg/h,,,,,,,,,,,secondary,,,,70,,,,,,,,
57efd723e4b01fb1bfc685a2,17.034586037821008,575029fde4b09078f9862e29,2015,1000,gasoline,seat,mii,84,51.17424810620161,6.341447366536743,2016-10-01T07:46:45Z,"Hardter Straße, Hehn, Herdt, Mönchengladbach, Regierungsbezirk Düsseldorf, Nordrhein-Westfalen, 41179, Deutschland",154582834,60.14710462093353,%,72.36363637447357,km/h,3544.098913371563,u/min,,,,,,,21.00000062584877,c,95.98278111219406,kPa,1.3475227892398833,precision,71.34813522432387,km/h,1.6475227981805802,precision,0.9000000268220901,precision,181.57318864607987,deg,121.06340954442143,m,2.999999910593033,%,75.46695317638176,%,9.380527512108042,l/h,28.536346402458673,g/s,22.0442396534539,kg/h,,,,,,,,,,,secondary,,,,70,,,,,,,,
57efd723e4b01fb1bfc685a2,17.034586037821008,575029fde4b09078f9862e29,2015,1000,gasoline,seat,mii,85,51.173368109183855,6.341401332034399,2016-10-01T07:46:50Z,"Hardter Straße, Hehn, Herdt, Mönchengladbach, Regierungsbezirk Düsseldorf, Nordrhein-Westfalen, 41179, Deutschland",154582834,13.752981051802635,%,66.421485632658,km/h,2465.9669421315193,u/min,,,,,,,21.0,c,18.999999575316906,kPa,1.0563436567783357,precision,66.0527780459795,km/h,1.2563436567783355,precision,0.7,precision,180.87467866923953,deg,121.46781951590967,m,3.000000089406967,%,9.803921772568835,%,1.2920191188492571,l/h,3.9304298277993444,g/s,3.0362449292957545,kg/h,,,,,,,,,,,secondary,,,,70,,,,,,,,
57efd723e4b01fb1bfc685a2,17.034586037821008,575029fde4b09078f9862e29,2015,1000,gasoline,seat,mii,86,51.17258693347053,6.341397266626219,2016-10-01T07:46:55Z,"Hardter Straße, Hehn, Herdt, Mönchengladbach, Regierungsbezirk Düsseldorf, Nordrhein-Westfalen, 41179, Deutschland",148347433,12.999999612569809,%,60.0,km/h,2200.0870308876038,u/min,,,,,,,21.0,c,19.0,kPa,1.1,precision,59.12964677596301,km/h,1.3,precision,0.7491803288459777,precision,180.45465654691725,deg,121.4909807825893,m,3.0,%,9.999346406288396,%,1.1527139808768456,l/h,3.5066519893257713,g/s,2.7088778550605874,kg/h,,,,,,,,,,,secondary,,,,50,,,,,,,,
57efd723e4b01fb1bfc685a2,17.034586037821008,575029fde4b09078f9862e29,2015,1000,gasoline,seat,mii,87,51.17187401395129,6.341391763521798,2016-10-01T07:47:00Z,"Hardter Straße, Hehn, Herdt, Mönchengladbach, Regierungsbezirk Düsseldorf, Nordrhein-Westfalen, 41179, Deutschland",148347433,16.045762370340526,%,55.0,km/h,2035.245000243187,u/min,,,,,,,21.999999344348907,c,36.0,kPa,1.199999964237213,precision,54.868517375305146,km/h,1.3999999582767486,precision,0.7999999761581421,precision,180.17321301178617,deg,121.63549549213926,m,2.0,%,24.253950172055283,%,2.013600739930946,l/h,6.125541250931599,g/s,4.7319617388377235,kg/h,,,,,,,,,,,secondary,,,,50,,,,,,,,
57efd723e4b01fb1bfc685a2,17.034586037821008,575029fde4b09078f9862e29,2015,1000,gasoline,seat,mii,88,51.17118684025836,6.341400103961341,2016-10-01T07:47:05Z,"Hardter Straße, Hehn, Herdt, Mönchengladbach, Regierungsbezirk Düsseldorf, Nordrhein-Westfalen, 41179, Deutschland",148347432,18.000000536441803,%,55.00000163912773,km/h,2048.023163549602,u/min,,,,,,,22.0,c,45.0,kPa,1.2000000357627867,precision,54.9431843488037,km/h,1.4000000417232514,precision,0.8000000238418579,precision,177.99406665763672,deg,121.75324652899013,m,2.0,%,32.12800696840662,%,2.5328037581873057,l/h,7.705000099385631,g/s,5.952088831740169,kg/h,,,,,,,,,,,secondary,,,,50,,,,,,,,
57efd723e4b01fb1bfc685a2,17.034586037821008,575029fde4b09078f9862e29,2015,1000,gasoline,seat,mii,89,51.170505920403976,6.341532220863188,2016-10-01T07:47:10Z,"Hardter Straße, Hehn, Herdt, Mönchengladbach, Regierungsbezirk Düsseldorf, Nordrhein-Westfalen, 41179, Deutschland",148347432,16.782462060451508,%,55.0000012293458,km/h,2042.866779088974,u/min,,,,,,,21.999999344348907,c,37.692438036203384,kPa,1.1999999642372132,precision,54.695644169933075,km/h,1.3999999582767486,precision,0.7999999761581421,precision,166.2420647653198,deg,121.62482762240488,m,2.606339454650879,%,25.93913013470592,%,2.1161597046561536,l/h,6.437534168206073,g/s,4.9729753059419615,kg/h,,,,,,,,,,,secondary,,,,50,,,,,,,,
57efd723e4b01fb1bfc685a2,17.034586037821008,575029fde4b09078f9862e29,2015,1000,gasoline,seat,mii,90,51.169851492564646,6.341943691537146,2016-10-01T07:47:15Z,"Hardter Straße, Hehn, Herdt, Mönchengladbach, Regierungsbezirk Düsseldorf, Nordrhein-Westfalen, 41179, Deutschland",154582886,33.095987021923065,%,60.42148581147194,km/h,2227.3448939323425,u/min,,,,,,,22.0,c,92.99999861419201,kPa,1.3000000387430193,precision,59.62239697831319,km/h,1.600000047683716,precision,0.9000000268220902,precision,152.45390424979905,deg,121.20077445641874,m,3.0,%,70.98039034067415,%,5.692782307304909,l/h,17.31791817734714,g/s,13.378038422166536,kg/h,,,,,,,,,,,secondary,,,,50,,,,,,,,
57efd723e4b01fb1bfc685a2,17.034586037821008,575029fde4b09078f9862e29,2015,1000,gasoline,seat,mii,91,51.16915290585776,6.342544994824719,2016-10-01T07:47:20Z,"Hardter Straße, Hehn, Gerkerathwinkel, Mönchengladbach, Regierungsbezirk Düsseldorf, Nordrhein-Westfalen, 41179, Deutschland",148347429,34.0,%,68.61157023906708,km/h,2534.0434406250715,u/min,,,,,,,21.0,c,92.99999861419201,kPa,1.2,precision,68.2270538987741,km/h,1.4547133147716522,precision,0.8547133147716522,precision,152.19736454532176,deg,121.12943632310365,m,3.0,%,71.32687526591462,%,6.498679160818045,l/h,19.76952356380523,g/s,15.271896027922407,kg/h,,,,,,,,,,,secondary,,,,,,,,,,,,
57efd723e4b01fb1bfc685a2,17.034586037821008,575029fde4b09078f9862e29,2015,1000,gasoline,seat,mii,92,51.168360939641005,6.343197687038714,2016-10-01T07:47:25Z,"Hardter Straße, Hehn, Gerkerathwinkel, Mönchengladbach, Regierungsbezirk Düsseldorf, Nordrhein-Westfalen, 41179, Deutschland",148347429,24.99999925494194,%,74.0,km/h,2256.7577917277813,u/min,,,,,,,21.0,c,79.32392263412476,kPa,1.2,precision,72.61617389254843,km/h,1.5,precision,0.8,precision,152.6975744470983,deg,120.98837585977536,m,3.0,%,60.38004884266638,%,4.936478292173155,l/h,15.017178337981752,g/s,11.600723986606916,kg/h,,,,,,,,,,,secondary,,,,,,,,,,,,
57efd723e4b01fb1bfc685a2,17.034586037821008,575029fde4b09078f9862e29,2015,1000,gasoline,seat,mii,93,51.167536323176314,6.343866953474674,2016-10-01T07:47:30Z,"Hardter Straße, Hehn, Gerkerathwinkel, Mönchengladbach, Regierungsbezirk Düsseldorf, Nordrhein-Westfalen, 41179, Deutschland",148347429,24.999999348074198,%,77.00000229477882,km/h,2354.6243739128113,u/min,,,,,,,20.99999937415123,c,79.37061768770218,kPa,1.142343235015869,precision,75.55796788758516,km/h,1.3423432290554047,precision,0.7423432469367981,precision,152.86743420790117,deg,120.49069590699078,m,3.0,%,60.08013869936792,%,5.153585612858605,l/h,15.677636899783614,g/s,12.110926190217723,kg/h,,,,,,,,,,,secondary,,,,,,,,,,,,
57efd723e4b01fb1bfc685a2,17.034586037821008,575029fde4b09078f9862e29,2015,1000,gasoline,seat,mii,94,51.166677712320144,6.344580916493181,2016-10-01T07:47:35Z,"Hardter Straße, Hehn, Gerkerathwinkel, Mönchengladbach, Regierungsbezirk Düsseldorf, Nordrhein-Westfalen, 41179, Deutschland",148347429,25.00000074505806,%,79.0,km/h,2434.5431109517813,u/min,,,,,,,21.0,c,78.00000101700425,kPa,1.0569054722785949,precision,78.57190855584395,km/h,1.2569054663181305,precision,0.7569054812192917,precision,152.41536535955038,deg,120.30995334875544,m,3.0,%,59.161327309271485,%,5.236488770005852,l/h,15.929835212421967,g/s,12.305748609513751,kg/h,,,,,,,,,,,secondary,,,,,,,,,,,,
57efd723e4b01fb1bfc685a2,17.034586037821008,575029fde4b09078f9862e29,2015,1000,gasoline,seat,mii,95,51.16579504503183,6.345309082201757,2016-10-01T07:47:40Z,"Hardter Straße, Hehn, Gerkerathwinkel, Mönchengladbach, Regierungsbezirk Düsseldorf, Nordrhein-Westfalen, 41179, Deutschland",148347429,27.0,%,82.00000122189522,km/h,2512.3975360393524,u/min,,,,,,,21.000000312924385,c,81.32705479860306,kPa,1.2000000357627867,precision,81.48862210582502,km/h,1.4000000417232512,precision,0.800000023841858,precision,152.55650855685144,deg,119.97318374414881,m,3.0,%,61.37087889734971,%,5.63444964507275,l/h,17.14046535778173,g/s,13.240956665920963,kg/h,,,,,,,,,,,secondary,,,,,,,,,,,,
57efd723e4b01fb1bfc685a2,17.034586037821008,575029fde4b09078f9862e29,2015,1000,gasoline,seat,mii,96,51.164873446057825,6.346086814930466,2016-10-01T07:47:45Z,"Hardter Straße, Hehn, Gerkerathwinkel, Mönchengladbach, Regierungsbezirk Düsseldorf, Nordrhein-Westfalen, 41179, Deutschland",148347429,26.999999698251486,%,84.26868045330048,km/h,2589.01500248909,u/min,,,,,,,20.99999937415123,c,82.0,kPa,1.1578842669725418,precision,83.76875240139407,km/h,1.4000000417232512,precision,0.800000023841858,precision,151.9607602415731,deg,119.73669861270326,m,2.999999910593033,%,61.17647079860461,%,5.85432082962487,l/h,17.809331823787986,g/s,13.757653949618444,kg/h,,,,,,,,,,,secondary,,,,,,,,,,,,
57efd723e4b01fb1bfc685a2,17.034586037821008,575029fde4b09078f9862e29,2015,1000,gasoline,seat,mii,97,51.16393603912448,6.346867445710831,2016-10-01T07:47:50Z,"Hardter Straße, Hehn, Gerkerathwinkel, Mönchengladbach, Regierungsbezirk Düsseldorf, Nordrhein-Westfalen, 41179, Deutschland",148347429,27.134811878204346,%,87.00000259280205,km/h,2664.0533332824707,u/min,,,,,,,20.99999937415123,c,81.99999877810478,kPa,1.1000000327825545,precision,86.00739265840775,km/h,1.3461463809013368,precision,0.7461463630199432,precision,152.35254938374965,deg,119.35015534272236,m,2.4373177886009216,%,60.392158958257426,%,6.023998575856464,l/h,18.325505667636683,g/s,14.15639665326269,kg/h,,,,,,,,,,,secondary,,,,,,,,,,,,
57efd723e4b01fb1bfc685a2,17.034586037821008,575029fde4b09078f9862e29,2015,1000,gasoline,seat,mii,98,51.162966471907254,6.347688592308221,2016-10-01T07:47:55Z,"Hardter Straße, Hehn, Gerkerathwinkel, Mönchengladbach, Regierungsbezirk Düsseldorf, Nordrhein-Westfalen, 41179, Deutschland",148347429,28.080267548561096,%,88.99999734759331,km/h,2734.676293913275,u/min,,,,,,,21.0,c,82.12211346626282,kPa,1.1999999642372132,precision,88.4766022707704,km/h,1.3999999582767484,precision,0.7999999761581422,precision,151.5640958408003,deg,119.0264380102444,m,2.0000000596046448,%,59.700721029772694,%,6.1929010693369655,l/h,18.83932112801216,g/s,14.55331751294187,kg/h,,,,,,,,,,,secondary,,,,,,,,,,,,
57efd723e4b01fb1bfc685a2,17.034586037821008,575029fde4b09078f9862e29,2015,1000,gasoline,seat,mii,99,51.162012023227,6.348586834173546,2016-10-01T07:48:00Z,"Hardter Straße, Hehn, Gerkerathwinkel, Mönchengladbach, Regierungsbezirk Düsseldorf, Nordrhein-Westfalen, 41179, Deutschland",148347429,23.0,%,89.91289782524109,km/h,2750.4400000572205,u/min,,,,,,,21.0,c,63.89297851920128,kPa,1.1454171299934388,precision,89.01378459949774,km/h,1.4454171389341353,precision,0.845417121052742,precision,148.92149903410973,deg,118.71687369856497,m,3.0,%,45.65190433122871,%,4.845999983718503,l/h,14.741935783803664,g/s,11.388099961738483,kg/h,,,,,,,,,,,secondary,,,,,,,,,,,,
